architecture,candidate_id,seed_pass_fraction,mean_distance,rough_hurst,leverage_rank,zumbach_rank,excess_kurtosis,mean_log_variance_acf,max_abs_return_acf,p_cap_exceedance_fraction,cluster_loading,feedback_curvature,feedback_shift,spike_curvature,orthogonal_curvature,echo_loading,cap_level,cap_sharpness,strong_zumbach_fraction
mid_10_500_pm05,0,0.0,0.0005720992595288161,0.10310589333391769,0.0010878920089310428,0.01907493601232359,6.874742215052321,0.4204963754951147,0.09165138025487746,8.267195767195768e-06,0.5617217980790883,0.06091085706892557,3.6096060039475555,0.14691973020075133,0.0,0.0,6.0213210470974445,6.610366810113192,0.3333333333333333
mid_10_500_pm05,1,0.0,0.08749832349875036,0.04359247879241435,-0.016661482610584186,0.014255457243963291,6.740085382490794,0.17954189518459382,0.08289257931499898,6.613756613756614e-05,0.3044042682275176,0.1678397289298154,1.3792040108703076,0.10764987002755068,0.0,0.0,5.215695656836033,8.380460690706968,0.3333333333333333
mid_10_500_pm05,2,0.0,0.00044912382885480933,0.1078532221729624,-0.00031094013316568047,0.028011819405799398,14.85253781743046,0.20653046637660957,0.09057050073874084,0.0037533068783068783,0.3812765271868557,0.08601246111365926,3.0579395294189453,0.4688762135101204,0.0,0.0,5.586295608431101,9.928857538849115,0.6666666666666666
mid_10_500_pm05,3,0.0,0.01758244785880718,0.05928088316093444,-0.011202290154557176,-0.007739210353463366,7.377688522933826,0.3130683820248504,0.0895521208732053,0.0,0.4739547845907509,0.12625140445887456,1.9880977985449133,0.05429819683212119,0.0,0.0,6.641935788094997,7.066112246364355,0.0
mid_10_500_pm05,4,0.0,0.0888416536042607,0.1866479168565133,0.0010811507008969161,0.035826696218241416,2.6617356093787343,0.6263205831470048,0.08256304913571821,0.0,0.4297222340013832,0.07399042465327417,0.9596110021695494,0.05971325527585426,0.0,0.0,6.7526338417083025,6.014754261821508,0.6666666666666666
mid_10_500_pm05,5,0.0,0.004786012734264782,0.06464838374240008,-0.01049710433651796,0.018268067895617166,10.894366400754828,0.15862927716726102,0.0871920826802902,0.0013558201058201057,0.33851643251255153,0.1086693592718623,3.1897098447196184,0.3086354562317898,0.0,0.0,5.948944328352809,8.995663616806269,0.3333333333333333
mid_10_500_pm05,6,0.0,0.0025082477831667913,0.13113210490559304,-0.006664897660995932,0.0793871142049364,1.6625703582062645,0.4568508800715962,0.07537762030932754,0.0,0.26017017518170177,0.05134244715815572,1.5701149377971886,0.09004206634989749,0.0,0.0,5.327372508123517,9.446526240557432,1.0
mid_10_500_pm05,7,0.0,0.023578954505333826,0.056865860479148454,-0.007308716615764242,0.0026039615755024358,11.900159250619962,0.2069914649830459,0.09072892250359847,0.0006448412698412698,0.5189632458612323,0.14173484430130676,2.6396558784879742,0.24026498540649346,0.0,0.0,6.381045354530215,7.5602214224636555,0.3333333333333333
mid_10_500_pm05,8,0.0,0.0007499727312448723,0.13795011921197817,0.00687517170677015,0.03934351394447929,10.508361125008962,0.3370113296069328,0.09178755507960039,0.0008680555555555556,0.5429987514391541,0.0908949718560533,1.7832809483632444,0.3434580128320882,0.0,0.0,5.106034874916077,7.25593788921833,0.6666666666666666
mid_10_500_pm05,9,0.0,0.12209270018152672,0.03894991165980218,-0.02575187934478916,-0.003948965175318003,6.16589257228291,0.16478853752260836,0.08244277021965343,0.0,0.2794193979818374,0.11247361782150526,2.363638641964644,0.07404461442143061,0.0,0.0,6.161735858768225,9.736816741526127,0.0
mid_10_500_pm05,10,0.0,0.03290385117556432,0.1759883861446858,0.005906695828623632,0.08999377430773786,4.142596405171038,0.41776707999213764,0.08109057215048796,0.0,0.3625080660916865,0.06764801759317249,0.7429548297077417,0.20035325948005495,0.0,0.0,6.532335862517357,8.18768697977066,1.0
mid_10_500_pm05,11,0.0,0.20487175139615363,0.029854355247930498,-0.022995857203080738,-0.017636954239474676,13.290833898125657,0.11737902040681647,0.0842076725588116,0.009242724867724867,0.44892983785830437,0.16052532682332163,3.4627530478872357,0.07885649045392289,0.0,0.0,5.726649682968855,6.80141269415617,0.0
mid_10_500_pm05,12,0.0,0.00023732003764296964,0.12268829707758643,-9.023077229150797e-05,0.03181476503243058,4.8269046538302876,0.4730890204459986,0.08768748258217446,0.0,0.4923040994442999,0.058192795367834484,2.7833451868966224,0.12400714098807515,0.0,0.0,5.871044954285026,7.867236487567425,0.3333333333333333
mid_10_500_pm05,13,0.0,0.038234053865352426,0.052831719859833315,-0.012009844308935836,0.008441064369852395,8.940142898335225,0.2005346518247891,0.08639906289104367,4.1335978835978834e-05,0.40714115924201905,0.13817022066062615,2.2030887483619153,0.17427275627479324,0.0,0.0,6.924779066815972,9.137299835681915,0.3333333333333333
mid_10_500_pm05,14,0.0,0.11571369753694931,0.04002298036504807,-0.027066590763419367,-0.018022936315136084,6.229577596861074,0.18813814447509944,0.08397574861454488,0.0,0.32279211450368167,0.07661639507355214,3.8808486580848696,0.04331132886477592,0.0,0.0,6.303207313641906,8.685704328119755,0.0
mid_10_500_pm05,15,0.0,0.0008819996136698339,0.15615574952484718,0.00833066926714634,0.03770805926030661,14.872512413296002,0.33240730901976284,0.09824755019783526,0.001033399470899471,0.587633389653638,0.09498007898119205,1.161150908190757,0.4250485536070801,0.0,0.0,5.4994565192610025,6.322989538311958,0.6666666666666666
mid_10_500_pm05,16,0.0,0.0008779207160686301,0.10843405497982395,0.0023931362449791734,0.011894861122184644,6.871264381955374,0.46929033719117735,0.09311164900804932,0.0,0.5959501091390849,0.08013598074702427,2.5363777542486785,0.10297458846142563,0.0,0.0,6.69466701336205,9.10530786588788,0.3333333333333333
mid_10_500_pm05,17,0.3333333333333333,0.00013149593413562953,0.09560466279960435,-0.003647156476139963,0.05228758469850469,6.754376774374729,0.24488651907705186,0.08535903038363295,0.0001240079365079365,0.3358112445566803,0.10033462404038176,1.8788277721963822,0.24651437205005927,0.0,0.0,5.514025567099452,7.905522596091032,0.6666666666666666
mid_10_500_pm05,18,0.3333333333333333,0.0007592228980509413,0.08186134438066067,-0.01255448217686874,0.0058619130837378975,4.287535215167913,0.3980064136888493,0.08580205985822692,0.0,0.4155033166520298,0.05564116984493612,3.499335326999426,0.05788636223949894,0.0,0.0,5.13561256416142,6.419861827045679,0.0
mid_10_500_pm05,19,0.0,0.0007276174629451887,0.13696590251804866,0.0066252390571005584,0.05357764680580394,8.253397776832623,0.3617704656600176,0.0889089066634585,6.613756613756614e-05,0.5053632407914848,0.1307859783743871,0.8570315335877239,0.2737714048344018,0.0,0.0,6.066240204498172,8.587298419326544,1.0
mid_10_500_pm05,20,0.0,0.0006009507036347391,0.14373353403849232,0.005085603228661779,0.03784165530781961,14.413452552053243,0.27089535677776827,0.09472250126586361,0.000496031746031746,0.4612146380357444,0.06596879570542026,2.2969233332201835,0.44675103256206644,0.0,0.0,6.453314173966646,9.521291997283697,0.6666666666666666
mid_10_500_pm05,21,0.0,0.2123987586477105,0.029171343281512982,-0.025266860882507777,-0.02004236633154372,11.401627778567226,0.1166404733962435,0.08365352072578403,0.0029596560846560844,0.37265927414409816,0.15496965909926663,2.9545742752961814,0.04828354382467133,0.0,0.0,5.274642623960972,7.470066342502832,0.0
mid_10_500_pm05,22,0.3333333333333333,0.00013151006167624887,0.10460537604774382,-0.0035157279295561553,0.07667268167978859,3.855381196685863,0.31265569931220893,0.08087810961504592,0.0,0.29166410081088545,0.09321575502086277,1.2767388161271809,0.16271922130138697,0.0,0.0,5.904027346521616,6.956939708441496,1.0
mid_10_500_pm05,23,0.0,0.1050986967262627,0.04135968684086542,-0.014231568703422737,-0.01077600783178386,12.188858359143593,0.19224533916268172,0.0886746315055089,0.0005208333333333333,0.5531046076212078,0.1164964033242632,3.9191427827812726,0.11348755020246601,0.0,0.0,6.832714639604092,8.038560915738344,0.0
mid_10_500_pm05,24,0.0,0.6880004130666147,0.23455317335752587,0.004214680938935684,0.016646029813066135,3.301845932398201,0.6885743767649851,0.08744884116010547,0.0,0.5333922567311674,0.05370116619580116,1.4707734523341058,0.04239676498639173,0.0,0.0,5.685636719688773,8.778086557984352,0.0
mid_10_500_pm05,25,0.0,0.09810537825920558,0.0427258494580075,-0.01910359430465379,0.004652939332821942,15.408846460601927,0.09130672695517807,0.08724085916445722,0.01126818783068783,0.2671624630689621,0.14972547911460032,3.7782662513665857,0.3732818737475323,0.0,0.0,6.616325149312615,6.226891435682774,0.0
mid_10_500_pm05,26,0.3333333333333333,6.177245230049986e-05,0.10172705699095007,-0.005752116253437036,0.05330882758989241,3.973052790686912,0.36507618376141676,0.08254776980154592,0.0,0.3529000889044255,0.07074623491872312,2.099807661399245,0.14040114845886256,0.0,0.0,6.237912213429809,7.713772416114807,1.0
mid_10_500_pm05,27,0.0,0.02198681674057305,0.057247383779137406,-0.011303360720177777,0.007007441043283589,9.189841588629298,0.22124085380588723,0.08809312356399314,0.0008267195767195767,0.4366744271479547,0.10286204412047653,3.0920550585724413,0.18054697765338257,0.0,0.0,5.057209962978959,9.295363120734692,0.3333333333333333
mid_10_500_pm05,28,0.0,0.0009106150915955693,0.07739482751665086,-0.004523509993742976,0.01752162397083818,8.806508803452633,0.27218577048972015,0.09036850373310422,0.000462962962962963,0.4799617368262261,0.0838775304560866,3.360284521616995,0.2240598857465729,0.0,0.0,5.415469408035278,8.346538476645947,0.3333333333333333
mid_10_500_pm05,29,0.3333333333333333,7.423282885801894e-05,0.09384031564107898,-0.004614564014929709,0.0326077878798885,4.206210420327806,0.42331712195458526,0.08430351896246292,0.0,0.3976201339624822,0.1218823004555795,1.0524882770143449,0.08230221233481008,0.0,0.0,6.344217982143164,6.646783709526062,0.3333333333333333
mid_10_500_pm05,30,0.3333333333333333,0.00026209212619686346,0.12363096054260474,-0.000613301904073975,0.05980796068657823,8.091026640396931,0.23881007515324715,0.08559749777685048,6.613756613756614e-05,0.3104512343648821,0.06246625680223322,2.6724608205258846,0.32399410437302717,0.0,0.0,6.973602756857872,7.1611305847764015,1.0
mid_10_500_pm05,31,0.0,0.025483357889870092,0.056698889006575694,-0.006286870937579014,-0.007962338556774267,10.057193923367057,0.30380444396991596,0.09144904835328517,7.440476190476191e-05,0.5781108401715755,0.17384307729934723,1.6799123381264507,0.06648641359715304,0.0,0.0,5.794869940727949,9.82853664457798,0.0
mid_10_500_pm05,32,0.0,0.35668222323233945,0.2135941195759908,0.00804308715211346,0.044681207209610524,4.541400921753245,0.6259346383420885,0.08964025198234889,0.0,0.5698934670072049,0.08467658995828563,0.7585364035330713,0.11644941567099838,0.0,0.0,6.435356888920069,9.361572716385126,1.0
mid_10_500_pm05,33,0.0,0.16415979614983922,0.03421976682864688,-0.024206002582736114,-0.007042222891510747,11.031917302350154,0.10653345188959619,0.08335468121012812,0.003298611111111111,0.30768245821818707,0.1282446173629869,3.401286203600466,0.15887411982734487,0.0,0.0,5.364030115306377,7.631670441478491,0.0
mid_10_500_pm05,34,0.0,0.0002878888813247474,0.14374640331785002,-0.005227648594612384,0.02461818531733996,2.6030439365365687,0.5653097338404273,0.0820024156940326,0.0,0.4003841953817755,0.05936718613588573,1.7807094980962574,0.050156532798565946,0.0,0.0,5.984645802527666,6.176168669015169,0.3333333333333333
mid_10_500_pm05,35,0.0,0.002667974292883204,0.0674069084405734,-0.004278509160562647,0.008334575397500677,15.488494957465775,0.1664029570828067,0.08989448630249837,0.003050595238095238,0.48817197531461715,0.17220238512076844,2.437901396304369,0.4329951256321523,0.0,0.0,6.805955894291401,8.81341953203082,0.3333333333333333
mid_10_500_pm05,36,0.0,0.0003786573810708891,0.12314408508696044,0.0018285435737764144,0.04599682769881434,7.636825654641733,0.3151519561635831,0.08860592778174921,6.613756613756614e-05,0.4448992277029902,0.05010267835660603,3.8081913310103115,0.2850936259602627,0.0,0.0,6.666661964729428,9.762055825442076,0.6666666666666666
mid_10_500_pm05,37,0.0,0.01567525584476309,0.05916149471920578,-0.013088103534359512,0.011131808458370534,4.980134881511057,0.31078668720874725,0.08435790745394006,0.0,0.3556389071047306,0.14524356404571664,1.1653395874425767,0.05514363699227087,0.0,0.0,5.597301764413714,7.242969024926424,0.3333333333333333
mid_10_500_pm05,38,0.3333333333333333,3.597753583785317e-05,0.09178854367950627,-0.007574412172422311,0.05650177354146294,6.6258384182177865,0.2031887930864299,0.0838375797836005,0.00021494708994708995,0.2644111696165055,0.07292923065459889,2.8431940154172475,0.2599048807654305,0.0,0.0,5.225714208558202,6.697745528072119,0.6666666666666666
mid_10_500_pm05,39,0.0,0.001350131842621005,0.07424703730832521,-0.004973237491331046,0.0040601272146816815,7.536110069922203,0.35844813680925713,0.09112373138359449,0.0,0.5251467197202146,0.11024969863404252,2.1859025340527296,0.09736859357995017,0.0,0.0,6.045089213177562,8.311436865478754,0.3333333333333333
mid_10_500_pm05,40,0.0,0.0008139557127239432,0.10443360972701325,-0.001490949136306767,0.005830630069535211,5.827860872191966,0.47402017749556613,0.09157507884287942,0.0,0.5503806839697063,0.06659724633037249,2.9842688280157743,0.0684744672765303,0.0,0.0,5.441953495144844,8.505216419696808,0.0
mid_10_500_pm05,41,0.0,0.009145956411013019,0.06222189704753941,-0.010019675516975864,0.024152785695053705,10.916901897656489,0.13590083718085305,0.0854174795367641,0.000744047619047619,0.2834886595141143,0.16305914330252322,1.9916633469983933,0.3175106757014036,0.0,0.0,6.263202797621489,6.486099116504192,0.3333333333333333
mid_10_500_pm05,42,0.0,0.09191499858302092,0.04328568289290067,-0.021151817032801754,-0.009291288079815607,7.715082165066967,0.1969796132948842,0.08627724602295751,0.0,0.38082599528133865,0.08859114115020862,3.6701031402684743,0.08538943801576518,0.0,0.0,6.883818536996841,7.940867975354195,0.0
mid_10_500_pm05,43,0.0,0.00040391629039352865,0.11288024453373391,0.0024905591935921916,0.0460032713066793,6.756119192058626,0.3533086784534336,0.08795782719648226,3.306878306878307e-05,0.4639381027314812,0.11539692965254351,1.3630563478916882,0.2168932772387784,0.0,0.0,5.812552567571402,9.054589845240116,0.6666666666666666
mid_10_500_pm05,44,0.0,0.0006300702764636731,0.15476970269206555,0.005805031707211546,0.052652084508858665,5.43231292425056,0.4700376930328329,0.08779758906601376,8.267195767195768e-06,0.5080585416406393,0.07476610800003117,1.5846453717909752,0.18871072648127643,0.0,0.0,5.706940298900008,8.12041936069727,1.0
mid_10_500_pm05,45,0.0,0.004594045222868049,0.06481729561772091,-0.010508273319503292,0.013010880728872303,6.927147455968599,0.27852740391822994,0.08723910512208866,0.0,0.42368752048350866,0.09733118000028702,2.5775533149018885,0.1342444957754025,0.0,0.0,6.5262540224939585,6.890486553311348,0.3333333333333333
mid_10_500_pm05,46,0.0,0.0018510299852562712,0.1613452178868488,0.005359418778580175,0.06224252978765362,11.794683689013207,0.2573743176921297,0.08994228510350849,0.00019841269841269844,0.327610560040921,0.057358071941507424,0.9576500941999255,0.39307336305960044,0.0,0.0,6.154666533693671,7.434977166354656,1.0
mid_10_500_pm05,47,0.0,0.10943434811803436,0.04082834638843747,-0.01346114276479217,-0.016819197124732826,12.548964516975003,0.2103457734355936,0.08944456324385465,0.005720899470899471,0.5932407475542276,0.14017914964606387,3.264998561888933,0.04003923878772958,0.0,0.0,5.085367599502206,9.572258532047272,0.0
mid_10_500_pm05,48,0.0,0.04654298887809316,0.17914150848510946,0.008952645873328694,0.050671355275786846,6.494464406711498,0.4886515789842227,0.09090246162635297,8.267195767195768e-06,0.5794257790781557,0.0543012865470541,2.0829296871088445,0.22768436872323522,0.0,0.0,6.858695374801755,6.852135453373194,1.0
mid_10_500_pm05,49,0.0,0.19758363782224517,0.030659553793592417,-0.026122255694964135,-0.014442682250522748,10.27957111046863,0.10968762066537875,0.08269654477030557,0.0006365740740740741,0.32003610632382334,0.13401193513751997,3.153231783397495,0.0950759185205374,0.0,0.0,5.912382764741778,8.152354028075933,0.0
mid_10_500_pm05,50,0.0,0.0005667514588617055,0.1452145171636483,0.004534740259204049,0.062048333430386765,7.623915488463671,0.32054998923914474,0.08663038951716567,0.00019014550264550266,0.4099179873242974,0.07899364840066485,1.4744646829552948,0.29609277379272014,0.0,0.0,5.283954979851842,9.670607138425112,1.0
mid_10_500_pm05,51,0.0,0.08553369362731815,0.044374328621263726,-0.015650188591594363,-0.01523513321490421,9.828167083166282,0.22368479921800452,0.08922855377352341,4.1335978835978834e-05,0.500524101825431,0.1017867183394705,3.7045198038220404,0.06258913508113428,0.0,0.0,6.480283347889781,7.3380398862063885,0.0
mid_10_500_pm05,52,0.0,0.011562062726430705,0.061807309644595486,-0.013013321369613839,-0.00794342046634609,6.5824455429408095,0.32168271404325327,0.08903827366718965,0.0,0.4571674050763249,0.09177433667304771,2.7478252838365735,0.052220226074344726,0.0,0.0,6.117349777370691,6.272027742117643,0.0
mid_10_500_pm05,53,0.0,0.00038089248083894106,0.11837319474302117,0.0014650201499222535,0.03380361016987823,16.112877860516587,0.21028415832427239,0.09235848779188027,0.0037781084656084655,0.3652566481847316,0.11832513419088043,1.677825747989118,0.483045322563469,0.0,0.0,5.1729773208498955,8.720805931836367,0.6666666666666666
mid_10_500_pm05,54,0.0,0.01995494432193072,0.057452880012824725,-0.02133050146667534,0.025911781563605737,4.278387171507394,0.23092927396554067,0.08122293524275709,0.0,0.2766778671182692,0.06430255351079206,3.2975023695267733,0.1048188930257863,0.0,0.0,5.552376825362444,9.203780677169561,0.3333333333333333
mid_10_500_pm05,55,0.0,0.00044621608513163165,0.09468163007771224,0.0021694025817826142,0.02752814547589955,7.414183096060341,0.3914131967397707,0.09044717317714414,0.0,0.5347659823950379,0.1589870145134442,1.0677490223199129,0.1502378764813868,0.0,0.0,6.7467354610562325,7.785398039966822,0.3333333333333333
mid_10_500_pm05,56,0.0,0.0007324003017784465,0.11617915342639006,0.00368997809064346,0.027011822952745835,12.8330464206387,0.2722554972817978,0.09188606085637911,0.0019179894179894182,0.5162477509584278,0.06904248189784981,3.574127013515681,0.40428554624632146,0.0,0.0,5.771532302722335,7.030766844749451,0.6666666666666666
mid_10_500_pm05,57,0.0,0.001007079588454317,0.07776550642373632,-0.012125687380648606,0.042102309595617775,2.1443385769160437,0.3846174873026718,0.07695889797625083,0.0,0.2520061654038727,0.10539891141939077,0.8539819231256842,0.045902175051790776,0.0,0.0,6.967799866572022,9.97957556694746,0.6666666666666666
mid_10_500_pm05,58,0.3333333333333333,0.00015555884626091232,0.12346768898085698,-0.002687142761362692,0.06857012427082727,3.786786867400767,0.37778652330368195,0.0820876138499285,0.0,0.3466945864725858,0.05293549745726968,2.474583799485117,0.1669844436103189,0.0,0.0,6.339372148737311,8.462542667984962,1.0
mid_10_500_pm05,59,0.0,0.047634692054083196,0.05085779140437876,-0.011972006858485928,0.0037193782940774657,8.698621517447487,0.22479073030649446,0.08710096602651511,0.00020667989417989417,0.4324541261419654,0.15189210785215196,1.894686471298337,0.12981926859238682,0.0,0.0,5.393120327964425,6.544129528105259,0.3333333333333333
mid_10_500_pm05,60,0.0,0.23726178202258566,0.20371404460458567,0.0032567943267453893,0.03796806295321703,3.053752861181733,0.6370858151293843,0.08444160074395153,0.0,0.4766615182626992,0.06150013658006764,1.25927547654137,0.07611976654738377,0.0,0.0,5.001387789845467,7.595310606062412,1.0
mid_10_500_pm05,61,0.0,0.2145828837772424,0.029241975143084922,-0.026370636807444354,-0.017653575859497832,12.588305131878462,0.08678716810927657,0.08302368528882749,0.04196428571428571,0.3894691584631801,0.17657170146895473,3.9793187217786903,0.207172933955676,0.0,0.0,6.195685159415007,9.395559683442116,0.0
mid_10_500_pm05,62,0.0,0.016507494070046584,0.05871290970193862,-0.020401092076599386,0.017374625584895106,3.935650615862464,0.27448090267637565,0.08165427525975782,0.0,0.2962120124604553,0.0817587974256797,2.3015901726670562,0.07200850788207067,0.0,0.0,6.575084716081619,8.913805179297924,0.3333333333333333
mid_10_500_pm05,63,0.0,0.0017009258372770871,0.07610331596021554,-0.001584787722760948,0.0093460071869315,13.561464049645826,0.22833316379421056,0.09250252231718425,0.003778108465608466,0.5590238680131734,0.1250415363552522,2.8813880160450935,0.3507821660897857,0.0,0.0,5.630773540586233,6.0812073945999146,0.3333333333333333
slow_5_250_pm05,0,0.0,0.0006273257990181488,0.10773883165895899,0.002582539979568043,0.020133415418551834,6.620445079863735,0.4377400384537111,0.09126665385525416,0.0,0.5617217980790883,0.06091085706892557,3.6096060039475555,0.14691973020075133,0.0,0.0,6.0213210470974445,6.610366810113192,0.3333333333333333
slow_5_250_pm05,1,0.0,0.08144858943894477,0.044562487301374736,-0.01626899601071087,0.01576818865111122,6.542039659732315,0.1903247653888698,0.08276254752331842,5.7870370370370366e-05,0.3044042682275176,0.1678397289298154,1.3792040108703076,0.10764987002755068,0.0,0.0,5.215695656836033,8.380460690706968,0.3333333333333333
slow_5_250_pm05,2,0.0,0.001954958765773125,0.13082756829500256,0.004049291329491941,0.015958897030175,17.030903819204593,0.28201797901025244,0.1012904409557842,0.003430886243386243,0.3812765271868557,0.08601246111365926,3.0579395294189453,0.4688762135101204,0.0,0.0,5.586295608431101,9.928857538849115,0.3333333333333333
slow_5_250_pm05,3,0.0,0.016525425066694303,0.05960182920608901,-0.010903195987593808,-0.006156247655771073,7.270130153912391,0.31642566332036187,0.08936879394913406,0.0,0.4739547845907509,0.12625140445887456,1.9880977985449133,0.05429819683212119,0.0,0.0,6.641935788094997,7.066112246364355,0.0
slow_5_250_pm05,4,0.0,0.1469835879237663,0.19432635943510448,0.001846319807768293,0.035474165276704044,2.6119943545889774,0.6376083883631206,0.0824704279053391,0.0,0.4297222340013832,0.07399042465327417,0.9596110021695494,0.05971325527585426,0.0,0.0,6.7526338417083025,6.014754261821508,0.6666666666666666
slow_5_250_pm05,5,0.0,0.0016083260870340744,0.07090793666106765,-0.008095717724614327,0.01623954692778322,10.797422568176609,0.19304893644944135,0.0903771760164464,0.001281415343915344,0.33851643251255153,0.1086693592718623,3.1897098447196184,0.3086354562317898,0.0,0.0,5.948944328352809,8.995663616806269,0.3333333333333333
slow_5_250_pm05,6,0.0,0.0028858748783500364,0.14206313804156948,-0.005660002894422704,0.07793641300200115,1.5726333069202763,0.4871442266434494,0.07544241576900083,0.0,0.26017017518170177,0.05134244715815572,1.5701149377971886,0.09004206634989749,0.0,0.0,5.327372508123517,9.446526240557432,1.0
slow_5_250_pm05,7,0.0,0.0162056299854183,0.05945879482347449,-0.005703839226864947,0.005209134789659876,11.715683522979822,0.22641932713918367,0.09117007759714518,0.0005621693121693122,0.5189632458612323,0.14173484430130676,2.6396558784879742,0.24026498540649346,0.0,0.0,6.381045354530215,7.5602214224636555,0.3333333333333333
slow_5_250_pm05,8,0.0,0.003825590452975085,0.16408493022433615,0.010113391254454847,0.03158518972601739,10.510333162898617,0.400039780382307,0.09949609794039106,0.0008019179894179895,0.5429987514391541,0.0908949718560533,1.7832809483632444,0.3434580128320882,0.0,0.0,5.106034874916077,7.25593788921833,0.6666666666666666
slow_5_250_pm05,9,0.0,0.12050468124411602,0.03911551631980233,-0.025397448116331763,-0.0009558868292593208,6.014210081898497,0.16911506561209314,0.08220341143399426,0.0,0.2794193979818374,0.11247361782150526,2.363638641964644,0.07404461442143061,0.0,0.0,6.161735858768225,9.736816741526127,0.0
slow_5_250_pm05,10,0.0,0.3267356794332863,0.21136351370612685,0.008029242766410637,0.08182934344596465,3.923345500383815,0.48047033859076266,0.08368731185521198,0.0,0.3625080660916865,0.06764801759317249,0.7429548297077417,0.20035325948005495,0.0,0.0,6.532335862517357,8.18768697977066,1.0
slow_5_250_pm05,11,0.0,0.20718315006919527,0.02958351013800939,-0.022763840983005018,-0.01647311216764939,13.24943183269265,0.1177582187921294,0.08400448468329857,0.008978174603174604,0.44892983785830437,0.16052532682332163,3.4627530478872357,0.07885649045392289,0.0,0.0,5.726649682968855,6.80141269415617,0.0
slow_5_250_pm05,12,0.0,0.0003192566125001123,0.12905304776617985,0.001341809838256796,0.03224420517428188,4.649702312710092,0.49164444978555094,0.08732039191937203,0.0,0.4923040994442999,0.058192795367834484,2.7833451868966224,0.12400714098807515,0.0,0.0,5.871044954285026,7.867236487567425,0.3333333333333333
slow_5_250_pm05,13,0.0,0.030845514303760313,0.054729041151392994,-0.010950150710772285,0.010938236997270567,8.664858003525582,0.21653036853164453,0.08674822129783544,1.6534391534391536e-05,0.40714115924201905,0.13817022066062615,2.2030887483619153,0.17427275627479324,0.0,0.0,6.924779066815972,9.137299835681915,0.3333333333333333
slow_5_250_pm05,14,0.0,0.1159347983243002,0.0399434079073542,-0.02675575930757269,-0.01620620047800098,6.141132074969522,0.18928132304347065,0.08371247258050228,0.0,0.32279211450368167,0.07661639507355214,3.8808486580848696,0.04331132886477592,0.0,0.0,6.303207313641906,8.685704328119755,0.0
slow_5_250_pm05,15,0.0,0.1664816314012412,0.19556193138085928,0.011049880557296448,0.026824865909128238,15.788547194068613,0.41215363069022976,0.10922338097350907,0.0009837962962962962,0.587633389653638,0.09498007898119205,1.161150908190757,0.4250485536070801,0.0,0.0,5.4994565192610025,6.322989538311958,0.3333333333333333
slow_5_250_pm05,16,0.0,0.000820447071492213,0.11145832183766136,0.003459517659273673,0.01308608927235224,6.696155155803983,0.47968940108111346,0.09262689139231661,0.0,0.5959501091390849,0.08013598074702427,2.5363777542486785,0.10297458846142563,0.0,0.0,6.69466701336205,9.10530786588788,0.3333333333333333
slow_5_250_pm05,17,0.0,0.0002448420721335147,0.10859120115432647,-0.001324486027003877,0.04614949274775415,6.5145690299908665,0.29403332471615223,0.08840592916548516,9.093915343915344e-05,0.3358112445566803,0.10033462404038176,1.8788277721963822,0.24651437205005927,0.0,0.0,5.514025567099452,7.905522596091032,0.6666666666666666
slow_5_250_pm05,18,0.0,0.0006201381990442895,0.08277089172321789,-0.011855092700227712,0.007797217412484431,4.186744394206575,0.40311506803803,0.08553630574172762,0.0,0.4155033166520298,0.05564116984493612,3.499335326999426,0.05788636223949894,0.0,0.0,5.13561256416142,6.419861827045679,0.0
slow_5_250_pm05,19,0.0,0.0018497877854713924,0.16164920644673994,0.008971473013393695,0.04573066226505906,7.950251200781565,0.42039589334534994,0.0934045061809239,6.613756613756614e-05,0.5053632407914848,0.1307859783743871,0.8570315335877239,0.2737714048344018,0.0,0.0,6.066240204498172,8.587298419326544,0.6666666666666666
slow_5_250_pm05,20,0.0,0.05960285511585304,0.18080519514126045,0.008591573241281908,0.025850181435083084,15.994314827443608,0.3572122323050231,0.10604904915137037,0.000570436507936508,0.4612146380357444,0.06596879570542026,2.2969233332201835,0.44675103256206644,0.0,0.0,6.453314173966646,9.521291997283697,0.3333333333333333
slow_5_250_pm05,21,0.0,0.21413699313096243,0.02898209185384329,-0.025147549277121258,-0.019749229933399864,11.334270014477845,0.11678221293796448,0.08339707796247754,0.0027529761904761907,0.37265927414409816,0.15496965909926663,2.9545742752961814,0.04828354382467133,0.0,0.0,5.274642623960972,7.470066342502832,0.0
slow_5_250_pm05,22,0.3333333333333333,0.00020396618185365475,0.11744951973093355,-0.002034289389953758,0.07253264981867415,3.616530567311923,0.3580461305440479,0.08223303617380974,0.0,0.29166410081088545,0.09321575502086277,1.2767388161271809,0.16271922130138697,0.0,0.0,5.904027346521616,6.956939708441496,1.0
slow_5_250_pm05,23,0.0,0.1047730707252275,0.041343724703632456,-0.013536696906104007,-0.00793802638683422,12.035027021109526,0.19588093858801145,0.08862126087135125,0.0004298941798941799,0.5531046076212078,0.1164964033242632,3.9191427827812726,0.11348755020246601,0.0,0.0,6.832714639604092,8.038560915738344,0.0
slow_5_250_pm05,24,0.0,0.7737212478480613,0.23905991479871605,0.004805091017384354,0.01679400952513198,3.2776658893094797,0.6928478365435199,0.08729687561862565,0.0,0.5333922567311674,0.05370116619580116,1.4707734523341058,0.04239676498639173,0.0,0.0,5.685636719688773,8.778086557984352,0.0
slow_5_250_pm05,25,0.0,0.0806629465670491,0.04506689722983944,-0.016807820781458368,0.006528128538292107,15.616757657399239,0.11172403902929808,0.0877950713025919,0.010069444444444445,0.2671624630689621,0.14972547911460032,3.7782662513665857,0.3732818737475323,0.0,0.0,6.616325149312615,6.226891435682774,0.0
slow_5_250_pm05,26,0.3333333333333333,0.00010713300877067466,0.10969352885010049,-0.004362580459589874,0.052247059967938055,3.7601778367921526,0.3949925511967205,0.08312322451247076,0.0,0.3529000889044255,0.07074623491872312,2.099807661399245,0.14040114845886256,0.0,0.0,6.237912213429809,7.713772416114807,0.6666666666666666
slow_5_250_pm05,27,0.0,0.016155610708903704,0.059321628423751833,-0.010010128211563685,0.009882258820312096,8.924127000464045,0.23741359754727479,0.08840208187128318,0.000744047619047619,0.4366744271479547,0.10286204412047653,3.0920550585724413,0.18054697765338257,0.0,0.0,5.057209962978959,9.295363120734692,0.3333333333333333
slow_5_250_pm05,28,0.0,0.0011163782206003062,0.08269375939302719,-0.00238347923134672,0.01843889130692732,8.499765051117336,0.2988931820796799,0.09151554697352081,0.0003720238095238095,0.4799617368262261,0.0838775304560866,3.360284521616995,0.2240598857465729,0.0,0.0,5.415469408035278,8.346538476645947,0.3333333333333333
slow_5_250_pm05,29,0.3333333333333333,9.807521495379047e-05,0.09755502185935268,-0.003935299795475504,0.03265378719625293,4.081800001628157,0.4383359080790925,0.08428718054195283,0.0,0.3976201339624822,0.1218823004555795,1.0524882770143449,0.08230221233481008,0.0,0.0,6.344217982143164,6.646783709526062,0.3333333333333333
slow_5_250_pm05,30,0.3333333333333333,0.00047408615810634326,0.14895990647947574,0.002506996822846434,0.047695891725056304,8.258949696988251,0.31088831514709736,0.09203689723557061,3.306878306878307e-05,0.3104512343648821,0.06246625680223322,2.6724608205258846,0.32399410437302717,0.0,0.0,6.973602756857872,7.1611305847764015,0.6666666666666666
slow_5_250_pm05,31,0.0,0.02412600909990854,0.05704290193948517,-0.005973748775025586,-0.0062700107201546255,9.947867710094183,0.3074974806607593,0.0913526848159985,5.787037037037037e-05,0.5781108401715755,0.17384307729934723,1.6799123381264507,0.06648641359715304,0.0,0.0,5.794869940727949,9.82853664457798,0.0
slow_5_250_pm05,32,0.0,0.6373791457406265,0.23170090648235828,0.009426255573676323,0.042797143190603563,4.452381760662915,0.6466203159420635,0.0899923809518689,0.0,0.5698934670072049,0.08467658995828563,0.7585364035330713,0.11644941567099838,0.0,0.0,6.435356888920069,9.361572716385126,1.0
slow_5_250_pm05,33,0.0,0.16156135844901062,0.03438678625324503,-0.023444930088144248,-0.002889505784925518,10.716879268819497,0.11273003739996901,0.08301749876529209,0.0029844576719576716,0.30768245821818707,0.1282446173629869,3.401286203600466,0.15887411982734487,0.0,0.0,5.364030115306377,7.631670441478491,0.0
slow_5_250_pm05,34,0.0,0.00036394543329630434,0.14704407061481733,-0.004636457414264643,0.02513654084704055,2.5516306561012185,0.5728170705779964,0.08175747296660513,0.0,0.4003841953817755,0.05936718613588573,1.7807094980962574,0.050156532798565946,0.0,0.0,5.984645802527666,6.176168669015169,0.3333333333333333
slow_5_250_pm05,35,0.0,0.0025262760822974757,0.07515946733659958,-0.0012757325548505623,0.0040052712569377475,16.441574782069154,0.2073607486048805,0.09531534517310981,0.0025049603174603177,0.48817197531461715,0.17220238512076844,2.437901396304369,0.4329951256321523,0.0,0.0,6.805955894291401,8.81341953203082,0.3333333333333333
slow_5_250_pm05,36,0.0,0.000612482364160825,0.1415480838871112,0.004885159161224779,0.039652576722009045,7.482555011325565,0.36823754316444784,0.0932107589911953,4.1335978835978834e-05,0.4448992277029902,0.05010267835660603,3.8081913310103115,0.2850936259602627,0.0,0.0,6.666661964729428,9.762055825442076,0.6666666666666666
slow_5_250_pm05,37,0.0,0.013651898655318698,0.05995560019337532,-0.012821621720672588,0.011988490850580645,4.881783870999992,0.31722824324399207,0.08418507375593727,0.0,0.3556389071047306,0.14524356404571664,1.1653395874425767,0.05514363699227087,0.0,0.0,5.597301764413714,7.242969024926424,0.3333333333333333
slow_5_250_pm05,38,0.3333333333333333,0.00010676839658054318,0.10485448314840239,-0.005086224296443862,0.049044628459932064,6.391839365298314,0.25490688721411325,0.08718853529168309,0.00017361111111111112,0.2644111696165055,0.07292923065459889,2.8431940154172475,0.2599048807654305,0.0,0.0,5.225714208558202,6.697745528072119,0.6666666666666666
slow_5_250_pm05,39,0.0,0.0012265815410841825,0.07569939605892552,-0.004145714693332808,0.0058858749554543425,7.352569162551714,0.36716911550344516,0.09081160461671116,0.0,0.5251467197202146,0.11024969863404252,2.1859025340527296,0.09736859357995017,0.0,0.0,6.045089213177562,8.311436865478754,0.3333333333333333
slow_5_250_pm05,40,0.0,0.000725622900862784,0.10598753132293091,-0.0007391896363143855,0.0074332309722264815,5.708658614314207,0.4798408586308476,0.0910502011210174,0.0,0.5503806839697063,0.06659724633037249,2.9842688280157743,0.0684744672765303,0.0,0.0,5.441953495144844,8.505216419696808,0.0
slow_5_250_pm05,41,0.0,0.0022810351043423284,0.06891324952914475,-0.008091554987735445,0.019510438359348143,10.961568000224084,0.17290061064707854,0.08848374168466948,0.0006448412698412698,0.2834886595141143,0.16305914330252322,1.9916633469983933,0.3175106757014036,0.0,0.0,6.263202797621489,6.486099116504192,0.3333333333333333
slow_5_250_pm05,42,0.0,0.09062334275974643,0.04341969174538948,-0.020626002339612214,-0.0061948682824763185,7.536238778533601,0.20097501195034254,0.08588555501592203,0.0,0.38082599528133865,0.08859114115020862,3.6701031402684743,0.08538943801576518,0.0,0.0,6.883818536996841,7.940867975354195,0.0
slow_5_250_pm05,43,0.0,0.0005706126634576964,0.12654438306669122,0.004655094287585816,0.04193954672718302,6.496497487212689,0.39557359219079125,0.09028325408087229,2.4801587301587305e-05,0.4639381027314812,0.11539692965254351,1.3630563478916882,0.2168932772387784,0.0,0.0,5.812552567571402,9.054589845240116,0.6666666666666666
slow_5_250_pm05,44,0.0,0.022827423289340332,0.17331743992176793,0.007904705784927052,0.04909272835282926,5.225406603686348,0.5081677830226525,0.0889781220147855,0.0,0.5080585416406393,0.07476610800003117,1.5846453717909752,0.18871072648127643,0.0,0.0,5.706940298900008,8.12041936069727,1.0
slow_5_250_pm05,45,0.0,0.0025992755877183825,0.06693066879390523,-0.009392868749422564,0.01502109503344043,6.671349602252957,0.2930090138245749,0.08696990080298546,0.0,0.42368752048350866,0.09733118000028702,2.5775533149018885,0.1342444957754025,0.0,0.0,6.5262540224939585,6.890486553311348,0.3333333333333333
slow_5_250_pm05,46,0.0,0.31134998406088094,0.21008267956243856,0.007690294897142868,0.04344627287940541,12.769660646681444,0.3569486577172308,0.09896718293150865,0.00018187830687830687,0.327610560040921,0.057358071941507424,0.9576500941999255,0.39307336305960044,0.0,0.0,6.154666533693671,7.434977166354656,0.6666666666666666
slow_5_250_pm05,47,0.0,0.1101104494561848,0.04069935241261594,-0.013269935506742117,-0.015920786215925378,12.502960062891207,0.21080327715016814,0.08948681263549446,0.00554728835978836,0.5932407475542276,0.14017914964606387,3.264998561888933,0.04003923878772958,0.0,0.0,5.085367599502206,9.572258532047272,0.0
slow_5_250_pm05,48,0.0,0.24341072888025642,0.20427543140812743,0.01148600124996238,0.04637536052198111,6.283323888476642,0.5307167832365773,0.0932974292477778,0.0,0.5794257790781557,0.0543012865470541,2.0829296871088445,0.22768436872323522,0.0,0.0,6.858695374801755,6.852135453373194,1.0
slow_5_250_pm05,49,0.0,0.19859076248533256,0.0304950516942581,-0.025762070291148298,-0.012192528144612353,10.109227221202197,0.11176404564259183,0.08235992881904088,0.0006117724867724868,0.32003610632382334,0.13401193513751997,3.153231783397495,0.0950759185205374,0.0,0.0,5.912382764741778,8.152354028075933,0.0
slow_5_250_pm05,50,0.0,0.03116414428976282,0.17527568181552808,0.0072595171397702276,0.0518407288917456,7.499653288925269,0.3902978336856049,0.09210534772835943,0.00020667989417989417,0.4099179873242974,0.07899364840066485,1.4744646829552948,0.29609277379272014,0.0,0.0,5.283954979851842,9.670607138425112,1.0
slow_5_250_pm05,51,0.0,0.08550393548533092,0.04432739357164078,-0.01533871865910486,-0.013327128848724508,9.708913200142085,0.22549513377031113,0.08903097830427638,3.306878306878307e-05,0.500524101825431,0.1017867183394705,3.7045198038220404,0.06258913508113428,0.0,0.0,6.480283347889781,7.3380398862063885,0.0
slow_5_250_pm05,52,0.0,0.010775477563811399,0.0620908742492586,-0.012645361106130468,-0.006317033587783737,6.474618192825427,0.3247133075683999,0.08886755917154576,0.0,0.4571674050763249,0.09177433667304771,2.7478252838365735,0.052220226074344726,0.0,0.0,6.117349777370691,6.272027742117643,0.0
slow_5_250_pm05,53,0.0,0.004206738023394906,0.14814868868806894,0.005453949714194353,0.01965613101695139,18.603698853248243,0.29752100869109466,0.1051685222362005,0.003414351851851852,0.3652566481847316,0.11832513419088043,1.677825747989118,0.483045322563469,0.0,0.0,5.1729773208498955,8.720805931836367,0.3333333333333333
slow_5_250_pm05,54,0.0,0.015317105371691751,0.05909775604623585,-0.020429982480201392,0.02886411949172418,4.065742935595503,0.2443535886600182,0.08114972766947026,0.0,0.2766778671182692,0.06430255351079206,3.2975023695267733,0.1048188930257863,0.0,0.0,5.552376825362444,9.203780677169561,0.3333333333333333
slow_5_250_pm05,55,0.0,0.0006177625996939001,0.10079531552363082,0.0034748510141206107,0.026083663806949358,7.215475049177843,0.41444909559781035,0.09094665539048473,0.0,0.5347659823950379,0.1589870145134442,1.0677490223199129,0.1502378764813868,0.0,0.0,6.7467354610562325,7.785398039966822,0.3333333333333333
slow_5_250_pm05,56,0.0,0.0018423487216544397,0.1373521256098339,0.007810615378381968,0.019029770425315597,13.43350935155413,0.3355016936179697,0.10131777269935299,0.0017526455026455029,0.5162477509584278,0.06904248189784981,3.574127013515681,0.40428554624632146,0.0,0.0,5.771532302722335,7.030766844749451,0.3333333333333333
slow_5_250_pm05,57,0.0,0.0011611716121955743,0.07988740714855237,-0.011711923170293072,0.04284915382883098,2.080753023662696,0.3960554716866653,0.07685298931994622,0.0,0.2520061654038727,0.10539891141939077,0.8539819231256842,0.045902175051790776,0.0,0.0,6.967799866572022,9.97957556694746,0.6666666666666666
slow_5_250_pm05,58,0.3333333333333333,0.00024873655330361744,0.13727477176089228,-0.0008885660529165019,0.06503382784629073,3.5750616724550732,0.4189161062453825,0.08282454501075016,0.0,0.3466945864725858,0.05293549745726968,2.474583799485117,0.1669844436103189,0.0,0.0,6.339372148737311,8.462542667984962,1.0
slow_5_250_pm05,59,0.0,0.04270797537027616,0.051932570338973104,-0.011248776141709537,0.00605765544051633,8.481583281283799,0.2353802455414701,0.08680134135817204,0.00014880952380952382,0.4324541261419654,0.15189210785215196,1.894686471298337,0.12981926859238682,0.0,0.0,5.393120327964425,6.544129528105259,0.3333333333333333
slow_5_250_pm05,60,0.0,0.35922958256157367,0.21381375791510657,0.004292308383401062,0.03724882106492696,2.9975971535497123,0.6499864830745137,0.08433537688161034,0.0,0.4766615182626992,0.06150013658006764,1.25927547654137,0.07611976654738377,0.0,0.0,5.001387789845467,7.595310606062412,0.6666666666666666
slow_5_250_pm05,61,0.0,0.2131796902121873,0.02927989580721325,-0.025522029689256532,-0.014907902134762957,12.549006776052034,0.08945611816111852,0.08186801537178295,0.040674603174603176,0.3894691584631801,0.17657170146895473,3.9793187217786903,0.207172933955676,0.0,0.0,6.195685159415007,9.395559683442116,0.0
slow_5_250_pm05,62,0.0,0.013866229741526565,0.05971847670003399,-0.019761596082761363,0.019659289187622362,3.8010826125262387,0.2829538462967318,0.08155189433413673,0.0,0.2962120124604553,0.0817587974256797,2.3015901726670562,0.07200850788207067,0.0,0.0,6.575084716081619,8.913805179297924,0.3333333333333333
slow_5_250_pm05,63,0.0,0.0025246666538442067,0.08361883039296458,0.0015356146882274577,0.006781421292264857,13.669077633429973,0.2650763804552035,0.09653960346143943,0.0033151455026455023,0.5590238680131734,0.1250415363552522,2.8813880160450935,0.3507821660897857,0.0,0.0,5.630773540586233,6.0812073945999146,0.3333333333333333
