seed,candidate_id,accepted,distance,cluster_loading,feedback_curvature,feedback_shift,spike_curvature,mean_volatility,q995_volatility,excess_kurtosis,absolute_return_tail_ratio,hill_tail_index,hill_threshold_instability,rough_hurst,zumbach,zumbach_rank,max_abs_return_acf,leverage,leverage_rank,mean_log_variance_acf,taylor_gap,taylor_fraction,p_cap_exceedance_fraction
196613,0,True,0.0,0.24,0.073,3.0,0.22,0.15860448521899,0.5365981122083783,6.3746147906126716,3.5175794186760863,3.144507696936682,0.5119555186671416,0.079903003547102,0.21187460945232683,0.0837326987393529,0.08217246363308002,-0.029424355759468022,-0.008839945305585423,0.1961664430783594,0.01957101877388665,0.74375,0.00014880952380952382
196613,1,False,9.168105321766175e-06,0.24,0.073,3.0,0.26,0.15405986968156654,0.5566153776800356,7.376492285596951,3.62577770139869,3.030433352074015,0.5135419827250223,0.09022475775651709,0.2269791714678144,0.08435085580488072,0.08337959338696338,-0.02112036218048344,-0.006207490344938845,0.20011070812232043,0.02297557748129048,0.7875,0.0002728174603174603
196613,2,False,4.446332647313891e-05,0.24,0.073,3.0,0.3,0.14941866419039468,0.5829910675686141,8.594102841518954,3.6758532824155434,2.9388666542025166,0.5848962684295584,0.09905281903693332,0.235235495892878,0.08208895573596581,0.08463310780364014,-0.012992294451729097,-0.004052495060284008,0.20356242850504058,0.026768219463934897,0.796875,0.00047123015873015874
196613,3,False,9.174674648424003e-05,0.24,0.073,3.0,0.34,0.14482414921396386,0.6115119101635486,10.220979952056403,3.722240673556521,2.8897851601828197,0.6101520819648892,0.10610398708972715,0.2370537069652131,0.07770438487390172,0.0855534578780441,-0.006134863131100871,-0.0023295562995606155,0.206796577631684,0.03186536577823086,0.828125,0.0010168650793650794
196613,4,True,0.0,0.24,0.073,3.3,0.22,0.15620872235208227,0.5388059312309669,6.782446041451804,3.5426492615533425,3.1195661187000283,0.557427768647057,0.07308599325610353,0.20064859035397525,0.07711832359689212,0.0828410188695376,-0.033087013996270315,-0.010608794811137013,0.18388039216692897,0.019607563867624505,0.7562500000000001,0.0001984126984126984
196613,5,False,6.409357674921683e-08,0.24,0.073,3.3,0.26,0.15183484949585146,0.5553290959645205,7.727473773701016,3.6722836772523904,2.9995888721651935,0.5273652541146895,0.08309914831811352,0.21765997457372982,0.07899356617156239,0.08387205400905365,-0.025259540018160803,-0.007850125081211573,0.18960860137001462,0.02275230664771999,0.7749999999999999,0.0003224206349206349
196613,6,False,1.7622406504811154e-05,0.24,0.073,3.3,0.3,0.14740553513888835,0.5803011317496898,8.923963801799957,3.7455042735997193,2.9032732667529153,0.5458479421720238,0.09205694181565552,0.22816609406522717,0.077414506677952,0.08495368841305531,-0.01763621734098998,-0.005514840231835761,0.1946977557345434,0.02640098255288702,0.790625,0.0006200396825396825
196613,7,False,5.220461798368608e-05,0.24,0.073,3.3,0.34,0.14302279294318024,0.607531020390138,10.425710104048768,3.7972953554611406,2.8343266426617433,0.5902079503753281,0.09942344942504676,0.23189418982775628,0.07396609579525715,0.08560761465887363,-0.010747958158296786,-0.00372263641514606,0.19934137335093927,0.03111719392024161,0.8156249999999999,0.0014384920634920636
196613,8,False,0.0010109584899531847,0.24,0.073,3.6,0.22,0.15379794671326502,0.5416552728533941,7.219319781583274,3.619762936463727,3.10216316788948,0.5562832824122306,0.06713839839100186,0.18964048096346997,0.07060185888024989,0.08354122357453982,-0.03609804961298933,-0.012335549946252855,0.1724009318350887,0.019631886093628766,0.759375,0.0002728174603174603
196613,9,True,0.0,0.24,0.073,3.6,0.26,0.14961633156773002,0.55600443613708,8.162153999040818,3.6854560164752304,3.0157534556042593,0.6045076733275445,0.0767150699102256,0.2076428357701305,0.073264167711349,0.08459473894674042,-0.028961377766791058,-0.009414911022200868,0.17950597188556797,0.022641490357741177,0.7625,0.0003720238095238095
196613,10,False,2.7100315764157772e-06,0.24,0.073,3.6,0.3,0.14540978503801935,0.5780508302684826,9.296770085679825,3.798107981612066,2.8991902960026605,0.5657920564370769,0.08559450668375652,0.2202850708008277,0.0727784099257625,0.08556947401662693,-0.02196673340692823,-0.00702543932646706,0.1859275658808939,0.026163501995783996,0.796875,0.0010912698412698413
196613,11,False,2.3157852037947916e-05,0.24,0.073,3.6,0.34,0.14123331795152255,0.6041818535787445,10.653010223784367,3.828700807417204,2.8280476620040256,0.5843456625976566,0.09303085394443641,0.22527918904905972,0.06988375183886407,0.08565920414590375,-0.015032963511594902,-0.005151141727528837,0.19168818912128444,0.030273018012922155,0.8062499999999999,0.0018353174603174603
196613,12,False,0.007944872400770861,0.24,0.073,3.9,0.22,0.15140512347889465,0.544590394479924,7.706778067967322,3.655926231597636,3.043269152426209,0.5323288156171799,0.06197793876573833,0.17877108309851097,0.06408523310368668,0.08413921341305752,-0.0385231661070915,-0.0139217356266894,0.16181189791689377,0.01971467081156026,0.759375,0.00034722222222222224
196613,13,True,0.0,0.24,0.073,3.9,0.26,0.1474417978094823,0.5608108030730847,8.652154102122031,3.731725624891624,2.990655942633233,0.6224023472561581,0.07103838504946247,0.19778451319899223,0.067637194311983,0.08544630679034732,-0.03225034980387445,-0.010916639699467288,0.16991035573903923,0.022663202745942104,0.765625,0.000744047619047619
196613,14,True,0.0,0.24,0.073,3.9,0.3,0.14344457257918616,0.5795884043780621,9.666158982630064,3.822085860030593,2.8699672022998155,0.5786589258690251,0.07961422625336251,0.21131000044401985,0.06809626188743217,0.08586807519639367,-0.025887345248503085,-0.008537950637530541,0.17725437000489624,0.02582173258110388,0.784375,0.0017113095238095238
196613,15,False,5.773183794623186e-06,0.24,0.073,3.9,0.34,0.13949589327423179,0.6007224064043067,10.899185693432944,3.8792284980329614,2.786255154625187,0.5510758254366883,0.08693486028630353,0.2181461230600092,0.0663574389530123,0.08591901408092123,-0.019087946570519227,-0.006577574928019469,0.18388012741041132,0.029393328109375304,0.8,0.002455357142857143
196613,16,False,1.4840614809071673e-05,0.3,0.073,3.0,0.22,0.1573263110990852,0.5375743022147588,6.643627751276522,3.5458183111400086,3.154363239627059,0.5696077452240487,0.08403945553501348,0.20241593885856587,0.07772996013615037,0.08386349355125153,-0.026707537570821286,-0.005719407702274145,0.22620294188347692,0.024746995741921317,0.809375,0.00017361111111111112
196613,17,False,5.6052531296087e-05,0.3,0.073,3.0,0.26,0.1528991742652902,0.5606761068319476,7.654612374809671,3.6537361622009152,3.0089366121408707,0.5196169144796139,0.09371744071480456,0.21971474980457445,0.07892659886622941,0.0849239724666405,-0.0185512673822372,-0.003567800283363595,0.22556806410893382,0.027791683779614322,0.809375,0.00029761904761904765
196613,18,False,0.00011253451429795357,0.3,0.073,3.0,0.3,0.14837291969291022,0.583550453819418,8.90580012817242,3.679331646562358,2.922684969936553,0.5578456516763945,0.10202708875341077,0.22995651090439656,0.07732523706772947,0.08532489740100736,-0.01065399489091669,-0.0017199286613193642,0.22523304382344927,0.031266231641243473,0.8187499999999999,0.00047123015873015874
196613,19,False,0.00016678746645365467,0.3,0.073,3.0,0.34,0.14389232402347366,0.6146005160187311,10.580122298059678,3.7359449655920827,2.8795429522384026,0.5877686711903856,0.10867576318917235,0.23344085729367223,0.07377878974810274,0.0856248129808594,-0.00398229647659877,-0.00035454366023756397,0.22544514188026477,0.0360234222992025,0.8343750000000001,0.0010664682539682539
196613,20,False,9.749331387466503e-07,0.3,0.073,3.3,0.22,0.15501013352930434,0.5399910349098147,7.050701891872363,3.5516583205596555,3.1027072001189486,0.5548539610033274,0.07685723724318623,0.1923591358546619,0.0719485515360781,0.08469463845448183,-0.03048105417048618,-0.007415466880717862,0.21217521745028303,0.02464559149569671,0.796875,0.0002232142857142857
196613,21,False,2.5410552257103914e-05,0.3,0.073,3.3,0.26,0.15074791372599966,0.5604241249006898,8.007770222481296,3.6684434322251582,2.975330090480449,0.51945744651662,0.08633177037550785,0.21117836169373322,0.07429099959320698,0.08560845758683358,-0.022763957872468977,-0.005015794278835042,0.21384756357677434,0.027489912485453866,0.8093750000000001,0.00034722222222222224
196613,22,False,6.433453636359472e-05,0.3,0.073,3.3,0.3,0.146429867586973,0.5817096292902465,9.234743598998104,3.7304743504222335,2.9076406889417807,0.5557221511760269,0.09483918253728746,0.22351535352902163,0.07336677908611837,0.08604865618852614,-0.015359990379392782,-0.0032516382875637144,0.2155254884498278,0.030824102398650747,0.828125,0.0006696428571428571
196613,23,False,0.00011249300616627982,0.3,0.073,3.3,0.34,0.14215085346240178,0.6064207857805979,10.772263448031374,3.7794800643548605,2.8348661802522317,0.5877001468512479,0.1018322187365552,0.22872636405308375,0.07033076942768915,0.08590153651196772,-0.008584955379523005,-0.0017210869640471153,0.21739672136513588,0.03516045108849751,0.8343750000000001,0.0015128968253968254
196613,24,True,0.0,0.3,0.073,3.6,0.22,0.1526771334581182,0.5435878580957879,7.48960381116736,3.6152931015381067,3.105433375071682,0.5876646552110354,0.07057476633843314,0.18243745233055358,0.06618224321138494,0.08523939423309235,-0.033624516079371426,-0.009127446371165566,0.1990022156352756,0.02453757107499862,0.784375,0.00029761904761904765
196613,25,False,4.920364815727609e-06,0.3,0.073,3.6,0.26,0.14860462313033876,0.5588689779201812,8.447002961155206,3.667913421409854,2.9560273148307816,0.5264270683610399,0.07970936046437685,0.20202263574132945,0.06896130755317302,0.08624584472439199,-0.026577495008216365,-0.006686831794940511,0.20255258055326988,0.027280888612901677,0.803125,0.0004464285714285714
196613,26,False,3.240090445758723e-05,0.3,0.073,3.6,0.3,0.1445009500928735,0.581520789761217,9.598720738955262,3.7887415205095607,2.871440666736211,0.5545201793579351,0.08818726786108788,0.2162214623124343,0.06887616102618263,0.08661252963362247,-0.019761496021696075,-0.0046302298921404375,0.20591259769737286,0.030477789694033065,0.815625,0.0011904761904761906
196613,27,False,6.918957344828512e-05,0.3,0.073,3.6,0.34,0.1404205328474637,0.6017312224587962,10.979563846670896,3.8244409597321036,2.8075118379252277,0.5812066338735671,0.09527349446531612,0.2226579469229931,0.06672937728673818,0.08628144756360716,-0.01291422209504475,-0.003075728006194236,0.20914684339444992,0.03415898493743163,0.825,0.001984126984126984
196613,28,False,0.0029440219426722265,0.3,0.073,3.9,0.22,0.15036213235572732,0.5454807027882388,7.984955320636011,3.633211776869227,3.086358931090819,0.6153333551964596,0.06511670421378707,0.1725861825380844,0.06085057094463551,0.08578235060622483,-0.03620800370631619,-0.010747243236030378,0.1867992649075414,0.02448678065155567,0.778125,0.00034722222222222224
196613,29,True,0.0,0.3,0.073,3.9,0.26,0.1465023628591737,0.5612292871651828,8.933583442782748,3.7228606521055827,2.97214396319724,0.596824384701715,0.07380256657231292,0.19288860297247726,0.0639635535418315,0.0870299884579128,-0.030002329656932357,-0.008076041742306136,0.1917816776703279,0.027138933063382234,0.8031250000000001,0.000818452380952381
196613,30,False,1.0215908196697413e-05,0.3,0.073,3.9,0.3,0.14260051644431138,0.5813568346608625,9.95308543513151,3.804344392339962,2.8237380918684982,0.5461962477078257,0.08201901363318323,0.20788781957227087,0.0645334292592626,0.08694527269009669,-0.023775478157566997,-0.00610782980410129,0.19640790313199694,0.029961183794636612,0.81875,0.001736111111111111
196613,31,False,3.491471251636587e-05,0.3,0.073,3.9,0.34,0.13874256196661625,0.6015678687654813,11.209153588732171,3.8840368769674125,2.777697528431718,0.581834000161939,0.08901516306376601,0.21604250968312666,0.06350483535992187,0.0866562152404916,-0.017044203678363155,-0.004501950571055971,0.2007515864374113,0.033166672915105846,0.828125,0.0025793650793650793
221251,0,True,0.0,0.24,0.073,3.0,0.22,0.15936365288183157,0.5195480595365763,6.104551149116011,3.541890158713696,3.1607628175317313,0.5115335812168169,0.07333466188843138,0.11742912640301253,0.020440960381938714,0.08796097628555968,-0.041787725882717855,-0.01942520579213214,0.1830141706358989,0.020089969813826197,0.8,2.48015873015873e-05
221251,1,True,0.0,0.24,0.073,3.0,0.26,0.1552323763056902,0.5350997284151803,6.782561319134409,3.606752527755737,3.0909109600671734,0.5259299337767862,0.08118615076225913,0.1339316676364873,0.025233214496209796,0.08793465114728982,-0.036615454162418695,-0.017019545157744613,0.1799851177940714,0.0224124323219071,0.825,4.96031746031746e-05
221251,2,True,0.0,0.24,0.073,3.0,0.3,0.15098406292058825,0.5518766932772305,7.658731924165302,3.652358729273307,3.086950863309804,0.6541489324816991,0.08851818136279938,0.14717007946133198,0.02642015957301899,0.08785765693391784,-0.0303052925888897,-0.015071756794935186,0.17746973020156523,0.025338787301139865,0.8343750000000001,9.92063492063492e-05
221251,3,True,0.0,0.24,0.073,3.0,0.34,0.14670149020986156,0.5748376183899009,8.59054823090711,3.6829633441905654,3.0003791300012077,0.6434098610463912,0.09510829868466794,0.1558669393153238,0.025724583463558895,0.08790249609848876,-0.023284392724079755,-0.013430085187301318,0.1757185600736642,0.027869520792041063,0.8343750000000001,0.0003968253968253968
221251,4,False,0.0007542779340116283,0.24,0.073,3.3,0.22,0.1568540738786845,0.5209446242888638,6.505776181696859,3.591309910052366,3.1170335135812186,0.5282220465386159,0.06761107185020639,0.1054340055029336,0.01087532329314129,0.08834331843609244,-0.04364631703630152,-0.020939644383502876,0.16935821257633593,0.020013747011024888,0.796875,2.48015873015873e-05
221251,5,True,0.0,0.24,0.073,3.3,0.26,0.1528611568367776,0.5358980944110732,7.195478301496657,3.6343074349685365,3.0801976657595986,0.5631802469888111,0.07517403947284099,0.12150059846594713,0.01696385100319999,0.08851806331932152,-0.03934519753405149,-0.01840637812086979,0.16822977911681233,0.02237660378471545,0.825,4.96031746031746e-05
221251,6,True,0.0,0.24,0.073,3.3,0.3,0.1487848089000084,0.549639656686576,7.992986733627802,3.7030470356735643,3.047808568515732,0.6200644237465702,0.08240795052347161,0.13474087564497067,0.019568870606549722,0.0887358983754998,-0.033801298307356745,-0.016337550717378267,0.1674620207031841,0.024926586631057908,0.834375,0.00029761904761904765
221251,7,True,0.0,0.24,0.073,3.3,0.34,0.1446786098514427,0.5673764485811945,8.915018948640874,3.7261942673105253,2.974692858098222,0.6467202240353391,0.08903734320846228,0.14350454997927964,0.019367857561641992,0.08879958573689217,-0.027204075842951835,-0.014556316947284561,0.16726869938964006,0.027477536956161695,0.840625,0.000570436507936508
221251,8,False,0.007062845496420188,0.24,0.073,3.6,0.22,0.15433841597802672,0.525408427643761,6.927374095131126,3.6185898351052135,3.1018822667129724,0.5435391858981442,0.06268130275013348,0.09493204216765151,0.002589051955026416,0.08865850933246186,-0.0448364022019468,-0.022367385153986553,0.15701298869819272,0.019894758935789843,0.78125,4.96031746031746e-05
221251,9,False,9.99206689289577e-05,0.24,0.073,3.6,0.26,0.15049609870988143,0.5411781789183739,7.648014930461391,3.668147414719691,3.0450703335280376,0.5528359868974199,0.06989623812761438,0.11014711387324155,0.009191345664105025,0.08911699818645377,-0.04141138443979225,-0.01971162669026728,0.15740714857610835,0.022265040432950165,0.81875,0.000248015873015873
221251,10,False,1.596918613270866e-05,0.24,0.073,3.6,0.3,0.14658756898212766,0.5527613664314972,8.416546334981078,3.7235715252650836,3.0134714494218118,0.6100117458345011,0.07692641035951414,0.1223033930408455,0.012662254349963148,0.08954017807019002,-0.0365611412150715,-0.017472295903114946,0.15811265438384428,0.02469639480520341,0.8375,0.00047123015873015874
221251,11,False,7.236498051262283e-06,0.24,0.073,3.6,0.34,0.14265590079567114,0.5620759163146755,9.45224612077796,3.7700389651883466,2.944273326887491,0.6102420092574551,0.08348764083575144,0.1313925810750249,0.013426306718069485,0.08981413434550137,-0.030657841327542793,-0.015670513320311958,0.15927163516085277,0.02714808938167281,0.84375,0.0007688492063492063
221251,12,False,0.017670566064193954,0.24,0.073,3.9,0.22,0.15185002621505764,0.5311435463089943,7.408471084902281,3.667082492146772,3.0407034063414384,0.5123357614911372,0.05844331722245767,0.08587329460979894,-0.004914463383662452,0.08896148355941208,-0.04552904224427064,-0.023658716877193037,0.14595293797005615,0.019842753448133535,0.784375,0.00014880952380952382
221251,13,False,0.0033092087277893883,0.24,0.073,3.9,0.26,0.1481560074047631,0.5413860534479483,8.160033215640828,3.691055945659142,2.9794095747901754,0.5190350250005356,0.06527569441652256,0.09941723912102068,0.0013367693074442868,0.08963753827450538,-0.04284451178435116,-0.020899158370428765,0.14758459098373744,0.022119180534103375,0.8125,0.00042162698412698415
221251,14,False,0.00024281883458878044,0.24,0.073,3.9,0.3,0.14440920795514728,0.5550932555223351,9.015239607677266,3.7470920809139967,2.991093300918354,0.6236601423880974,0.0720401658081484,0.11061213891851696,0.0058904278277305405,0.09024329254381923,-0.03875318027542489,-0.01867540898360184,0.14951439802988747,0.02444968854977412,0.81875,0.000744047619047619
221251,15,False,0.0001340688979657355,0.24,0.073,3.9,0.34,0.14067407499538803,0.5677946627523123,9.966402339557112,3.803654593079035,2.9280045224020164,0.6686268737166268,0.0784232084996209,0.12052335666129177,0.008226394711357634,0.09032253353354969,-0.03367788821435187,-0.016736302733194743,0.15180283906138642,0.02661726966402919,0.8343750000000001,0.000992063492063492
221251,16,True,0.0,0.3,0.073,3.0,0.22,0.1577815123811397,0.5217397039010963,6.406501629713176,3.555901373169241,3.175859544523046,0.5507832947090497,0.07867774273673356,0.10535535491358405,0.015068680799620279,0.09010086559929263,-0.03909073071228212,-0.016743461246378155,0.22252132049078108,0.02680822028406241,0.8656250000000001,2.48015873015873e-05
221251,17,True,0.0,0.3,0.073,3.0,0.26,0.1538048888011595,0.5396048422991346,7.05660299994782,3.616007746127205,3.1036504596299843,0.5814586308588061,0.08575908611621748,0.12157595819437267,0.01979131777656247,0.08985460227377991,-0.03428083353360288,-0.014669750590668223,0.2142848146399784,0.02858294069447334,0.859375,4.96031746031746e-05
221251,18,True,0.0,0.3,0.073,3.0,0.3,0.14970899192145848,0.553393754808071,7.900537099879803,3.6564198620424353,3.0523168376305634,0.6249170403329816,0.09242582876766489,0.13498922739354052,0.02176238934906636,0.08937357198350457,-0.028403880915461355,-0.013174145062455562,0.20701397461088197,0.031028130506569215,0.85625,0.0001240079365079365
221251,19,True,0.0,0.3,0.073,3.0,0.34,0.14557243463498903,0.5763756414706867,8.809717811434039,3.7172946150080453,2.995397033852995,0.6596189615615307,0.0984806128521809,0.14424828238602203,0.021269388164946668,0.08919074140134287,-0.021794909902488085,-0.01176221526207264,0.2011141046311951,0.03306597886191662,0.859375,0.00034722222222222224
221251,20,False,0.00021513550328378783,0.3,0.073,3.3,0.22,0.15537385533219172,0.5251376918793369,6.812977931437487,3.6049137867422942,3.1372202699675826,0.5115508254349388,0.07245791185905137,0.0946867206250293,0.006419513556254849,0.09055238913223886,-0.04107542990292119,-0.018240488526293213,0.20623953690376845,0.026518758347939854,0.846875,2.48015873015873e-05
221251,21,False,2.970573332037156e-05,0.3,0.073,3.3,0.26,0.1515255738042453,0.5382955650764094,7.465101134860119,3.6443570020265907,3.0661855884163876,0.5594261341884836,0.0793742032657013,0.11040314470956403,0.011811576473307826,0.09038999198751133,-0.03705863812008121,-0.016038965369382152,0.20048594530795558,0.028304202366552397,0.859375,7.440476190476191e-05
221251,22,False,2.8568993142765254e-09,0.3,0.073,3.3,0.3,0.1475885623288526,0.5522867061421242,8.251972546843394,3.707406347779128,3.0201817628913474,0.6039840437667582,0.08604419053584042,0.12356684534669524,0.01496873176743357,0.09024682573260512,-0.03187125117360122,-0.014345345162497563,0.19544280209795045,0.030466533441569323,0.865625,0.0002728174603174603
221251,23,False,1.2083748763972725e-07,0.3,0.073,3.3,0.34,0.1436199392904371,0.56912120114473,9.16333705867385,3.71617978588077,2.9676628131938587,0.6646238526797599,0.09222353576914456,0.13255933386206922,0.014796644131612816,0.09016671204920595,-0.025657643847394933,-0.012833154584930383,0.1915112795804035,0.0325114686000738,0.8625,0.0005952380952380953
221251,24,False,0.001832053526149351,0.3,0.073,3.6,0.22,0.1529575645086579,0.5275929956991134,7.2373137251861746,3.6329218977319693,3.0865526605036746,0.4941916121165766,0.06708054318060128,0.0853540749104284,-0.0013360989805510353,0.09082514032844247,-0.04242428000886778,-0.01961752059248298,0.19134204691525414,0.026141845043880993,0.846875,4.96031746031746e-05
221251,25,False,0.00030079842257955833,0.3,0.073,3.6,0.26,0.14924941409933387,0.5430284741704983,7.9318874149308005,3.6796283583062577,3.0235225591169277,0.566742525932993,0.07375283708459199,0.10014688019536258,0.004854028377366249,0.09083111339804917,-0.03921246875566704,-0.017361853590157537,0.18765600465191673,0.028072634827216177,0.859375,0.0002232142857142857
221251,26,False,0.00012415377829127507,0.3,0.073,3.6,0.3,0.14546699830102133,0.5526799804977874,8.704341745190883,3.742012341738582,2.983080575294818,0.6076331143111607,0.08031404385419333,0.11217593428479253,0.008481677610325521,0.09113319452461408,-0.03464025842659224,-0.01550721460316604,0.18455978742595797,0.03000947097609038,0.859375,0.0005208333333333333
221251,27,False,0.00010414434620199573,0.3,0.073,3.6,0.34,0.1416670376263935,0.5634799139326783,9.740245346646281,3.7820034080529314,2.9199060514329105,0.600777991800856,0.08649124653578236,0.1211806296804464,0.009030008469103328,0.09119134804851678,-0.029083248382029487,-0.013984195167920151,0.18237850907224734,0.03199076646358543,0.8687499999999999,0.0008432539682539683
221251,28,False,0.008626391165108507,0.3,0.073,3.9,0.22,0.15056488126658932,0.5343137218931913,7.719773466908797,3.66127387818078,3.037217766466022,0.5154074176517305,0.06244056863078256,0.07722326899478672,-0.008190307361796946,0.09105612550586048,-0.043300479285245184,-0.020936401636599496,0.17784464941360084,0.025815899547884713,0.846875,0.00017361111111111112
221251,29,False,0.001017077183942533,0.3,0.073,3.9,0.26,0.14699133034501455,0.5466581549321263,8.478825005911393,3.705876423461052,3.0112218930773347,0.5399882873893589,0.06882276927933058,0.0905615865388319,-0.0020151738194301473,0.09140997868860354,-0.040759573775992416,-0.01858080946893488,0.17589678877402226,0.027761949381754657,0.8500000000000001,0.0004464285714285714
221251,30,False,0.000493895053367236,0.3,0.073,3.9,0.3,0.14336581297671053,0.5569688975935929,9.333350482657757,3.759335686564172,2.963201438335904,0.5966879300851566,0.07520024752043283,0.10140382519016936,0.0019991063907667354,0.09184697981705071,-0.03688168349841841,-0.016650681252895073,0.17448828270237582,0.029576932466708984,0.865625,0.0007192460317460318
221251,31,False,0.00036254129239836206,0.3,0.073,3.9,0.34,0.13975572618589133,0.5677145068209765,10.26395695566558,3.833029184120293,2.921517317725776,0.6116814275360557,0.08125564313165384,0.1110077050239589,0.0038612974817068824,0.09166730913740065,-0.03211108803716721,-0.015072501355015597,0.1738197817114463,0.03128383701016588,0.871875,0.0010664682539682539
262147,0,True,0.0,0.24,0.073,3.0,0.22,0.16348321699887883,0.5348264382983902,5.255360194273361,3.5052117088234187,3.270356270823774,0.563032159580001,0.07735325446594166,0.17984267266067705,0.05351922867889054,0.07754965316535192,-0.03778567265074395,-0.00837116114332089,0.17524686091358221,0.015872410041445517,0.74375,9.92063492063492e-05
262147,1,False,2.4911326105602126e-05,0.24,0.073,3.0,0.26,0.1598319173081855,0.5587489670496568,5.9007149092275615,3.586743456815501,3.11707388493386,0.5029884088551116,0.08740749172587117,0.1923153614197552,0.05623584848426143,0.07884769215073698,-0.03075414550192077,-0.005045254157753371,0.17327421820931949,0.017319911987066717,0.765625,0.0001984126984126984
262147,2,False,8.977347367213645e-05,0.24,0.073,3.0,0.3,0.15596098134256173,0.5845013731071501,6.733026856004834,3.7245851859763714,3.010357308086709,0.5568898700758519,0.09609933851448133,0.20252967752114553,0.0564185677791646,0.08031191010386343,-0.022447523696745752,-0.002390867208112147,0.17113094518205163,0.01928515882056387,0.778125,0.00029761904761904765
262147,3,False,0.00016694983090192553,0.24,0.073,3.0,0.34,0.15196361802158917,0.6056183194398665,7.791985056953954,3.810615100644015,2.9080201292503394,0.5684690077649412,0.10304774589346462,0.2114999757036794,0.05405676769982975,0.08183142524713638,-0.013540518719404935,-0.00035082321179511367,0.1688770335064207,0.021718030997509158,0.7749999999999999,0.0006944444444444445
262147,4,True,0.0,0.24,0.073,3.3,0.22,0.16100428397433456,0.5378169743821382,5.625984700992665,3.5634350751981225,3.2256723165788763,0.5842779891687684,0.07057097131997964,0.16885857275047095,0.0458307958165946,0.07715148109321057,-0.040458292733752836,-0.010670529871753152,0.162613942424411,0.016313390180002676,0.759375,0.00017361111111111112
262147,5,False,2.679146521606218e-06,0.24,0.073,3.3,0.26,0.15749136895875143,0.5583527817938081,6.223923816749111,3.6107789445299496,3.1016885230027995,0.544965308580385,0.08013164567655015,0.18080399370794148,0.049604948948682906,0.07867468100576921,-0.03423942464471635,-0.007031008562190459,0.16228795612795532,0.01762198534638046,0.76875,0.0002728174603174603
262147,6,False,4.2253406167263414e-05,0.24,0.073,3.3,0.3,0.15377551695952063,0.5807010814853473,6.9750170075751345,3.7241370778825083,2.9966672007595467,0.5736437272582058,0.08870961140492908,0.1911647281875864,0.050973853864546954,0.07964140708507944,-0.026609474026645714,-0.004151844891509205,0.16166857337240234,0.019462168882627376,0.7749999999999999,0.0003968253968253968
262147,7,False,0.00010714103042820173,0.24,0.073,3.3,0.34,0.1499539254189573,0.6028010193701503,7.943784344277676,3.8356973814304958,2.9005887678117492,0.592377002806018,0.09583676294227356,0.20135908590158633,0.0505006776702075,0.08090328984537831,-0.018287276851447914,-0.0018722700705735016,0.1607148977113766,0.02165567705872111,0.78125,0.0009672619047619048
262147,8,False,0.0034828696464453647,0.24,0.073,3.6,0.22,0.1584958606496762,0.5424123533782971,6.01104375442132,3.593050266998034,3.200199318144202,0.6011979564325465,0.06468857418989897,0.15839209062248988,0.03870770613172633,0.07708536641869071,-0.04245875261817583,-0.012587906866517782,0.1510714179412383,0.01661897336612559,0.765625,0.00017361111111111112
262147,9,True,0.0,0.24,0.073,3.6,0.26,0.15512069964301173,0.5562291972658727,6.556745062871068,3.650653197202507,3.1276325463648007,0.6378118889096202,0.07365583196303432,0.16990209961683211,0.043183942375885534,0.07831439384344945,-0.03694464292341301,-0.008913995012329314,0.15196134491253782,0.017847169243661865,0.7625000000000001,0.0003720238095238095
262147,10,False,1.324970022365061e-05,0.24,0.073,3.6,0.3,0.15157482456607024,0.5796585694264283,7.259695062379252,3.7162995033882424,2.950353171722937,0.5490311747183114,0.08195531227309275,0.18056392632729973,0.04533132037666256,0.07876443349405701,-0.030074183048914748,-0.005845111849960308,0.15253427250208312,0.01955508130647314,0.76875,0.0006944444444444445
262147,11,False,6.295124071349395e-05,0.24,0.073,3.6,0.34,0.14794446630369232,0.6022690411205878,8.172970410920595,3.8175597185834262,2.881081142095339,0.608982209684065,0.08912693151124013,0.1913621979169069,0.04619922187651236,0.08029779976770335,-0.02272485109378775,-0.0033029643789498526,0.15269002930730421,0.021595432298996662,0.78125,0.001314484126984127
262147,12,False,0.013528084540482044,0.24,0.073,3.9,0.22,0.15597821263910366,0.5461035154299014,6.411141840894169,3.612901113112808,3.1378448807797463,0.6075220318943928,0.05958062058813726,0.14838973354170845,0.03213465169161534,0.0770178431743016,-0.043831389874561096,-0.014404267091343886,0.14060147954639576,0.01686413702334495,0.7625,0.0003720238095238095
262147,13,False,0.0006166212086733792,0.24,0.073,3.9,0.26,0.1527512466539129,0.557798229111886,6.9200484861144975,3.7008261740953055,3.101870495258691,0.6486940165002131,0.06792020475393552,0.15974927804135003,0.03675045435141477,0.07784325400804257,-0.038947867495011654,-0.010604084719238882,0.14236556424724622,0.018028849373067604,0.771875,0.000570436507936508
262147,14,False,5.4880103436792724e-05,0.24,0.073,3.9,0.3,0.1493958256272272,0.5821932704418958,7.617527980597085,3.7408650255341356,2.945824028298772,0.5827765678396846,0.07585370686480497,0.17103092581147053,0.03972862722955652,0.07798199702207059,-0.033039974093295454,-0.007386745192945744,0.1438383261556202,0.01957916091141352,0.7781250000000001,0.0009672619047619048
262147,15,False,6.60040425157821e-05,0.24,0.073,3.9,0.34,0.145977824070371,0.6017383782994816,8.471271140909874,3.8162689040921016,2.8889250639969637,0.6147265114316274,0.0829415536020278,0.18182326116240885,0.04134498961431048,0.07957702647039352,-0.02691348035129175,-0.004804768471344872,0.14489928029710072,0.021506598792176087,0.775,0.0020089285714285712
262147,16,False,1.3775377789204142e-05,0.3,0.073,3.0,0.22,0.16210888456282174,0.5384271394964092,5.495739096714957,3.514116330889152,3.2227937637048854,0.5770301390820111,0.08203425442364033,0.17384681979666358,0.047734829655420564,0.0786781508052023,-0.03765395895373369,-0.005802780392970325,0.21221034277958156,0.021094981952932544,0.796875,0.0001240079365079365
262147,17,False,7.799017592882333e-05,0.3,0.073,3.0,0.26,0.1585646592098253,0.5612286680323436,6.103837105022036,3.585330624324305,3.0694110151832055,0.5268181768341202,0.09141937332830628,0.18734834753121826,0.05058784936765649,0.08029524033642493,-0.031072380095447737,-0.0027719268351792227,0.20516279366068574,0.022205914814225996,0.796875,0.0002232142857142857
262147,18,False,0.00016634199400110948,0.3,0.073,3.0,0.3,0.15480443566042695,0.5839207963908835,6.879214701248901,3.743704475396327,3.0022573069920764,0.5922088649443968,0.099531228956839,0.1985798559493649,0.05113749971456674,0.0817942565117648,-0.02317047052758147,-0.0003647606071842894,0.19855688346916767,0.02382220418917571,0.8125,0.0003224206349206349
262147,19,False,0.000256378899272239,0.3,0.073,3.0,0.34,0.15091997080383895,0.6043631402464563,7.865416812775434,3.848175119161428,2.8679834461945086,0.5641506194271735,0.10599106758434555,0.2087666648127263,0.049540982664718784,0.08281438671086387,-0.014597865938323684,0.0014790070447566377,0.19261658320768388,0.025861367064382863,0.815625,0.0006944444444444445
262147,20,False,1.6001435104430009e-09,0.3,0.073,3.3,0.22,0.15970934904070067,0.5395225713007605,5.876514607555985,3.544344787508716,3.2119129037615393,0.605039047948126,0.07481222058678474,0.16361803212980008,0.04051136725663813,0.07822994568922953,-0.0402739596789018,-0.007976318938046534,0.197304981408125,0.021388912103425722,0.79375,0.00017361111111111112
262147,21,False,3.124489646099374e-05,0.3,0.073,3.3,0.26,0.1562929888005138,0.5594233241161122,6.442155181698354,3.6170897108675195,3.090930650829393,0.5381836943726794,0.08382034797971818,0.17641695548662056,0.0439760054076599,0.08015043041348519,-0.03444627792098513,-0.004690889637182569,0.19250173693738085,0.022403030094433094,0.79375,0.0002728174603174603
262147,22,False,0.00010278658474681202,0.3,0.073,3.3,0.3,0.15267804624305303,0.5826536453681337,7.144237096483701,3.7454650928032347,2.9683711585887043,0.5563866756904112,0.09190410087585531,0.18758566655887648,0.04580020475186424,0.08114134283086422,-0.02721370352829927,-0.0019980838362480668,0.1878765671974843,0.023912592334384773,0.815625,0.0004464285714285714
262147,23,False,0.00018788360014129998,0.3,0.073,3.3,0.34,0.14896119032381094,0.6004226028537843,8.045084542933402,3.8738341896609496,2.897441151312162,0.5984393250117299,0.0986035073268135,0.19881062450448367,0.04588153477065271,0.08193345636918006,-0.019277328365498805,0.00011458181546779127,0.18359302723269652,0.025727333099450137,0.8156249999999999,0.0010168650793650794
262147,24,False,0.0002663863683362444,0.3,0.073,3.6,0.22,0.15728023373339492,0.5426184033325729,6.2694182166032935,3.601594361632301,3.1695492570491313,0.6272391797780663,0.06853107876878181,0.15376822443294985,0.03354070890747265,0.07846221412421647,-0.04224429749787576,-0.009980931788222505,0.18354415103105104,0.021531783570011176,0.8,0.0001984126984126984
262147,25,False,6.3490277127257694e-06,0.3,0.073,3.6,0.26,0.1539920499004004,0.5584385690799744,6.787665855390815,3.6685681804168615,3.0979983120019368,0.6132683469344264,0.07704489244490384,0.16603026140898733,0.03748431753048958,0.07984466787366296,-0.037067847148329974,-0.006508321198007854,0.18051176476185055,0.022501554857368357,0.796875,0.0003968253968253968
262147,26,False,5.408304528693394e-05,0.3,0.073,3.6,0.3,0.15053907153069734,0.5818643635135763,7.451813857980245,3.7440148198356464,2.933781943698553,0.5504269826115207,0.08492982434579585,0.17740176879538574,0.04027374800453109,0.08029110074688943,-0.030583202040335954,-0.003646362396404587,0.17753776067208077,0.023914000939352836,0.815625,0.0007192460317460318
262147,27,False,0.00012665203626540156,0.3,0.073,3.6,0.34,0.14700945510551944,0.6031513795900603,8.307556134118315,3.8666611930471966,2.898378503543175,0.6321830578524734,0.0917312330996102,0.18905603169676855,0.04151469500284365,0.08127436581970138,-0.023651725495376974,-0.0013376446178759212,0.17472709264354278,0.02562260211668644,0.8218749999999999,0.0013392857142857143
262147,28,False,0.0059355348892437786,0.3,0.073,3.9,0.22,0.1548399784653492,0.5452049703455499,6.6768961581277155,3.6241753670724037,3.1263784654564484,0.6334922754660413,0.06306618196064574,0.14428782791359512,0.027369555956408657,0.07875222261928279,-0.04360501664898478,-0.011791333361651894,0.1709481403623089,0.02161616977263931,0.8031250000000001,0.0003968253968253968
262147,29,True,0.0,0.3,0.073,3.9,0.26,0.1516943913246922,0.5582656942447722,7.165494471860579,3.7176208275134743,3.047243432615479,0.6081752977584277,0.07103812342346577,0.15632793892054092,0.03147972429711127,0.07951583511423554,-0.03902167469919695,-0.008260979399326452,0.1693038625699323,0.022556367631507798,0.796875,0.000570436507936508
262147,30,False,2.1354377252527115e-05,0.3,0.073,3.9,0.3,0.14842875356191548,0.5822542262605686,7.830226179809049,3.7585341814306332,2.9400169455905734,0.5845254157635718,0.07862979813545179,0.1683382396156675,0.03484963943572145,0.07961086995021399,-0.03349233997013164,-0.005264320839456925,0.16768210390611066,0.02382314770227372,0.8093750000000001,0.0010912698412698413
262147,31,False,7.473109685472589e-05,0.3,0.073,3.9,0.34,0.14510186764170763,0.6008872238248242,8.626565005983903,3.8649520627033684,2.847606053570375,0.5857791067841589,0.08538717386766512,0.17985781380731655,0.037096838351413766,0.08087427534725619,-0.02776158824902131,-0.002882328739739661,0.16613394752615931,0.025419479104899174,0.809375,0.002033730158730159
294001,0,True,0.0,0.24,0.073,3.0,0.22,0.1597068397638664,0.5283603271582564,6.624293220578577,3.5632452732262463,3.0685418905105237,0.4945680205205675,0.07537011083610227,0.16107821764360047,0.04974271934276163,0.07323189560761417,-0.04997112115264084,-0.016210802100559592,0.20747531856590537,0.020995906944947365,0.80625,0.0
294001,1,True,0.0,0.24,0.073,3.0,0.26,0.15552851959298253,0.5485394538595254,7.336022101205386,3.5932099210282096,3.0429258893877527,0.5941521675039028,0.08415295239068554,0.1732777497413276,0.053102626099893385,0.07456018070023107,-0.0441769709573261,-0.013442492297678155,0.20240839357632742,0.022957342626886194,0.8187500000000001,0.0001240079365079365
294001,2,True,0.0,0.24,0.073,3.0,0.3,0.15117949705019695,0.562594580182703,8.218092280569532,3.6801352251267945,2.9396643983106006,0.5514218836364982,0.09231286574272257,0.18085181477984566,0.053582102660891445,0.07590891335500276,-0.0370821175586518,-0.011252135415117662,0.1977462244631343,0.025160775085685753,0.8125,0.00017361111111111112
294001,3,True,0.0,0.24,0.073,3.0,0.34,0.1468018773815064,0.5884985866614438,9.316092576851336,3.743970508679742,2.8661475150178966,0.5999991433591358,0.09964833008876937,0.18680908672698954,0.05173900790995663,0.07824846253443074,-0.029463768154830747,-0.009432868408525984,0.19374600026558966,0.0274314325301193,0.83125,0.00034722222222222224
294001,4,False,0.00011432014598421384,0.24,0.073,3.3,0.22,0.1571787510014836,0.5312061672408638,7.066352935664862,3.614660008898151,3.0322411751545144,0.5265770838304813,0.06903771460445868,0.1501059033052141,0.0430274014965963,0.0729275098766956,-0.051799518591362434,-0.017719494658158464,0.1931684409646795,0.02138497967786947,0.815625,4.96031746031746e-05
294001,5,True,0.0,0.24,0.073,3.3,0.26,0.15314058578533005,0.5467766788439266,7.708938341020115,3.6231166686352645,3.035767721603262,0.6222945467189336,0.07751090007630394,0.16311175241018258,0.04690290023552422,0.07430485156753627,-0.046939780274175544,-0.014905133457953225,0.19038790742363798,0.023234871439361746,0.81875,0.00014880952380952382
294001,6,True,0.0,0.24,0.073,3.3,0.3,0.14896141489233472,0.5628893663898156,8.5115222301695,3.695884275610152,2.9368242626631096,0.6004705502025658,0.08562429183589704,0.17235169203877532,0.04777033192505001,0.07611548589989192,-0.040504524763527776,-0.012587814522632617,0.1878744252370138,0.025249189372779906,0.8218749999999999,0.000248015873015873
294001,7,True,0.0,0.24,0.073,3.3,0.34,0.14477804914110587,0.5826189947920364,9.535418852855948,3.7695115718103374,2.828160466425877,0.5696633218059319,0.09311448288531181,0.18068880194244813,0.04684455667688275,0.07871877452422252,-0.03341527920595755,-0.010658794438189402,0.18584719982668763,0.0273832487711224,0.828125,0.0006448412698412698
294001,8,False,0.005167099108689932,0.24,0.073,3.6,0.22,0.15464001949797657,0.5352191508502722,7.529723521750842,3.648226078572008,2.984501233388699,0.5502993588086551,0.06353057168055876,0.13979092352074335,0.03699621842487032,0.07268213305127041,-0.05290761734903987,-0.019102361393178464,0.18009250083078898,0.021694279861561663,0.81875,0.00014880952380952382
294001,9,True,0.0,0.24,0.073,3.6,0.26,0.15075008655032396,0.5447856598620648,8.123936100955847,3.671044078565603,2.9682566199339537,0.621151832685503,0.07159978795917749,0.1528489711286029,0.041273940383818424,0.0742926053320016,-0.04897214713157214,-0.016410789288322625,0.17914501825698032,0.023422351133908573,0.8218749999999999,0.00017361111111111112
294001,10,True,0.0,0.24,0.073,3.6,0.3,0.14675982701187196,0.5644296228368462,8.861760715822383,3.694213233555679,2.9110911159711774,0.6299857719548885,0.07954527574114469,0.1636636019100259,0.04258679666900367,0.07641424362643412,-0.04336133669860236,-0.013843285612502278,0.17849368273437688,0.025342398630793267,0.8187500000000001,0.0003720238095238095
294001,11,True,0.0,0.24,0.073,3.6,0.34,0.14277601016099506,0.5795804245454134,9.854740308867363,3.8050508619265617,2.805771288056152,0.6034303347610762,0.0870433703815153,0.1731714396024604,0.0420331474940796,0.07902605476489685,-0.03699261231912107,-0.011791637576925602,0.1782244907829449,0.02732654319311109,0.83125,0.0009176587301587302
294001,12,False,0.015623753349369092,0.24,0.073,3.9,0.22,0.1521153493215564,0.5393794408716788,8.015050805451327,3.69717482813667,2.9704089406164815,0.5924975799870931,0.058750448803179325,0.13011392909282965,0.030940108510415208,0.0727496304728128,-0.05335972873064201,-0.020437742863743683,0.1682587988393943,0.02189289745865498,0.825,0.00017361111111111112
294001,13,False,0.001608123647908124,0.24,0.073,3.9,0.26,0.14838701884435182,0.5472606572734819,8.573290155856586,3.724356141321283,2.9376036713451295,0.6318515645661784,0.06639087246719436,0.14306585135443026,0.03627839243747171,0.07430117748407862,-0.05033677833391288,-0.017640721377287474,0.16881252661774254,0.02357893865477716,0.825,0.0003720238095238095
294001,14,True,0.0,0.24,0.073,3.9,0.3,0.14460657114705017,0.565949536535903,9.29731328320303,3.7348758613952056,2.923451546258201,0.6830833132596013,0.07408935243543416,0.15476119589139792,0.037961993443025845,0.07662823769264313,-0.045780977617666196,-0.015055146486596876,0.1698104694257378,0.025474991401968582,0.81875,0.0007688492063492063
294001,15,True,0.0,0.24,0.073,3.9,0.34,0.1408261640726781,0.5827596208590053,10.267898839030385,3.8419029406361567,2.817482901734671,0.6537071722541664,0.08146157324144532,0.16469299450310515,0.037595194702740795,0.07918308536620763,-0.04018981301680016,-0.012973517910978317,0.17098075019752126,0.02737351387597291,0.83125,0.0014632936507936508
294001,16,True,0.0,0.3,0.073,3.0,0.22,0.15828038213857082,0.5300841046846869,6.9419486774647705,3.5485793940784087,3.094972568124721,0.5616049044092006,0.08000440690097176,0.15340904284476123,0.0445107641089478,0.07431216954753686,-0.04857732356322572,-0.013534869241230551,0.25089991510622867,0.027812873783270742,0.8625,0.0
294001,17,True,0.0,0.3,0.073,3.0,0.26,0.1542488168404904,0.5510914030367055,7.653718581545241,3.6034549995236147,3.03962287171518,0.5905576666340382,0.08800720319858554,0.16684413865144354,0.048118501745044284,0.07539536948111375,-0.0432148282288301,-0.01129197766660452,0.24036135643705786,0.029245465947109146,0.853125,0.0001240079365079365
294001,18,True,0.0,0.3,0.073,3.0,0.3,0.1500433479204242,0.5625802718581534,8.533362249869302,3.662179827171126,2.9582493433744212,0.5742283840146355,0.095496206911595,0.17561247046988204,0.04926612750369078,0.07733059404727952,-0.03647163601903258,-0.009348328611723756,0.23062579392652421,0.030914187288782174,0.8625,0.0001984126984126984
294001,19,False,2.2319955186506e-07,0.3,0.073,3.0,0.34,0.14580322693104866,0.5890282875317596,9.626589708920694,3.7622980115187774,2.825045869283572,0.5732028613721043,0.1022908728588211,0.1826961645101147,0.04816929723690146,0.07950753856944454,-0.029126369311085143,-0.007720315521087,0.22211259353114227,0.03267818060024283,0.8562500000000001,0.0003720238095238095
294001,20,True,0.0,0.3,0.073,3.3,0.22,0.1558361166263011,0.5318652813333515,7.3778515283537205,3.6115453362919947,3.057228180476396,0.5634839688200941,0.0732725650092177,0.14314615298716654,0.038429677168870593,0.07391592746574872,-0.0504260541554489,-0.015001790870197113,0.23390789155556363,0.027928285810776037,0.85625,4.96031746031746e-05
294001,21,True,0.0,0.3,0.073,3.3,0.26,0.15193381915600454,0.5479303154633071,8.019920695995681,3.6309799318208436,2.9646635662034346,0.5628458974254731,0.08108338161843232,0.15717941759285642,0.04245994736896878,0.07557844904371089,-0.04592029846882138,-0.012653370061275888,0.2262469037031689,0.029271178998438827,0.8531249999999999,0.00014880952380952382
294001,22,True,0.0,0.3,0.073,3.3,0.3,0.14788936436832611,0.5646843950580485,8.82105812555552,3.691121169014756,2.914385184218645,0.6110976869949485,0.08861362533571382,0.1675065458138495,0.04398960385537572,0.07774043278335653,-0.039832576050967045,-0.010656462248789626,0.2191641682241963,0.030774798332328497,0.85625,0.000248015873015873
294001,23,True,0.0,0.3,0.073,3.3,0.34,0.1438344988736741,0.5828818070612798,9.849683496647263,3.800109977601451,2.820706121486184,0.5936097787519197,0.09562451531678061,0.1767709471309749,0.043552725564573236,0.08019829757066435,-0.03303974108300624,-0.008877919692969038,0.2130476680090696,0.032442335565391923,0.8531249999999999,0.0006696428571428571
294001,24,False,0.000835380554581027,0.3,0.073,3.6,0.22,0.15337965391929353,0.5347263153275694,7.838101168585174,3.6538791314464456,3.023686496588325,0.5873387421705689,0.06739873444413949,0.13343199426877295,0.032849155578866654,0.07369183008730609,-0.05157213565965346,-0.016334590416107842,0.2182202330140144,0.027967968164630187,0.8687499999999999,0.00014880952380952382
294001,25,True,0.0,0.3,0.073,3.6,0.26,0.14961693753776747,0.5476119479994848,8.432741736768453,3.683143572759035,2.9466511060046594,0.615880687706563,0.07490782326802387,0.14735833977517898,0.037364279120339225,0.07577926807540299,-0.047917854812030924,-0.014050265617595065,0.2129547747392863,0.029245265263310703,0.853125,0.0001984126984126984
294001,26,True,0.0,0.3,0.073,3.6,0.3,0.14575152551964293,0.5666342985194994,9.17605321668853,3.6987196674871,2.9275267098225726,0.6664282463443463,0.08234938972073652,0.15918925988094362,0.03922244005205919,0.07817573505802852,-0.04265408515432252,-0.011875823218365033,0.2082173419398639,0.030684877013641212,0.8531249999999999,0.0004464285714285714
294001,27,True,0.0,0.3,0.073,3.6,0.34,0.14188728952842017,0.5839652369096627,10.182327939225507,3.823991797800691,2.818565714211858,0.6315527462321895,0.08942569511885481,0.16944076144029746,0.039171842454160985,0.08062718412526869,-0.03657829016900564,-0.010046738541226797,0.20428388335832873,0.032232987205944766,0.85625,0.0009176587301587302
294001,28,False,0.007347327313783878,0.3,0.073,3.9,0.22,0.15093649721385335,0.5410262004503863,8.325103824723143,3.700374978384782,2.966603020080931,0.5960643417335316,0.062285510305817415,0.12429824054791715,0.027573818895618343,0.07417947839069561,-0.05207988355470771,-0.017597806750155397,0.20389205486495354,0.027916709468102086,0.871875,0.0001984126984126984
294001,29,False,3.7106803364320346e-05,0.3,0.073,3.9,0.26,0.1473260378579097,0.5484738517151926,8.888110775269896,3.738176544929316,2.9545205963619434,0.6422705267637476,0.06945176181521989,0.13796606267760675,0.03315073309603895,0.07587476926219888,-0.04930237209152531,-0.015206190369419201,0.20064328530798595,0.029187142535891157,0.859375,0.0003968253968253968
294001,30,True,0.0,0.3,0.073,3.9,0.3,0.1436601357443338,0.567820506678189,9.627629769435444,3.7298773046043703,2.929616310824933,0.7032837686955743,0.07671679031372074,0.15060731713344078,0.03521642237523737,0.07843121774550432,-0.04506653211247123,-0.012989853843222265,0.1980272573462697,0.03065816607955867,0.846875,0.0007936507936507937
294001,31,True,0.0,0.3,0.073,3.9,0.34,0.13999355776340494,0.5844935213423669,10.59776072837258,3.856236616529637,2.8238562427072385,0.6500189621807317,0.08372621232413699,0.16135123419062358,0.034838077981709265,0.08086089210000205,-0.0397375397784182,-0.011188569826560326,0.1959534592675903,0.03211687618375325,0.846875,0.001488095238095238
324503,0,False,7.8308872130441e-05,0.24,0.073,3.0,0.22,0.1639429913272947,0.5373196384104917,5.073802100398874,3.5380901411225745,3.2330903730324474,0.5009163903690427,0.06920356929726651,0.2057286692043295,0.07205577126033769,0.07585095258660807,-0.036650570081742065,-0.008512651390542952,0.1690826302387603,0.014493985100783844,0.746875,0.0
324503,1,False,2.350041759879017e-05,0.24,0.073,3.0,0.26,0.1602492556608829,0.5598148590502391,5.880452998796632,3.605306429922479,3.1426954082190144,0.5086875902714338,0.07767148183062444,0.22077952196078784,0.07507949159627642,0.07622276069692624,-0.02961070074444889,-0.005130148025883147,0.16982526129440745,0.01575335363738742,0.7625,2.48015873015873e-05
324503,2,False,9.022867725423942e-05,0.24,0.073,3.0,0.3,0.15635228779030153,0.5888154851702513,6.935372607724814,3.687790479882759,3.052882638144768,0.5341578914531964,0.08546680003240367,0.22731897101842286,0.07376235636491442,0.07774042344466933,-0.022083473385489327,-0.0023766644111141862,0.1708247852988706,0.017835391876430712,0.7875,7.440476190476191e-05
324503,3,False,0.00018442412462155847,0.24,0.073,3.0,0.34,0.15237148678310058,0.6171950940207782,8.272497494093932,3.784445055224224,2.9275585548881424,0.5320451036191443,0.09249952016144158,0.22742875817300287,0.0688038516563606,0.079471837320827,-0.014542724671972993,3.952836995864189e-05,0.17229413284845158,0.020829043546587173,0.81875,0.0001984126984126984
324503,4,False,0.006075211878868806,0.24,0.073,3.3,0.22,0.16135395683861523,0.5361326188006801,5.397114833980168,3.596866108559591,3.2726251651097864,0.6149979164116031,0.06298507190209071,0.19378138233927053,0.06416197230355859,0.07553550766577088,-0.039934443976762594,-0.010979474601030218,0.15517859669672307,0.015259848965768314,0.740625,2.48015873015873e-05
324503,5,False,5.724004200113597e-07,0.24,0.073,3.3,0.26,0.15780471952560707,0.5585485423506222,6.110809398471203,3.6582161460222515,3.15717742195487,0.5696207241169098,0.07118196136278367,0.21139304053612246,0.06833587092030247,0.07583817305782091,-0.03349470185530608,-0.007552109677712433,0.15731151967112228,0.01637112003874667,0.775,7.440476190476191e-05
324503,6,False,3.417163579081378e-05,0.24,0.073,3.3,0.3,0.15407613756918914,0.5812724901059216,7.06621376666784,3.730716432655292,3.0182468912549605,0.5282888641971726,0.07898057325698066,0.21996071869993586,0.06816169231830664,0.07723200887274304,-0.026336319895907057,-0.004539374599036793,0.1596408197236603,0.018085053056728542,0.7781250000000001,0.0001240079365079365
324503,7,False,0.00010260424471824889,0.24,0.073,3.3,0.34,0.1502780257267542,0.6139728651098186,8.348217588178132,3.834221907799448,2.907703028307979,0.5350741681995658,0.08623137269847334,0.22171515675985676,0.06496546287670593,0.07920866015117484,-0.01908564837714473,-0.00200340980048358,0.16233643309665466,0.020768928019057897,0.809375,0.00029761904761904765
324503,8,False,0.01885125617017163,0.24,0.073,3.6,0.22,0.15873983790613327,0.5366830580026593,5.752178743932066,3.6261805984649866,3.175206929656853,0.5819250350205329,0.057667358100106814,0.1822432823719109,0.056157780359697165,0.07541250205461054,-0.04250161583593966,-0.013258043587625664,0.1427636941748724,0.015898337766215662,0.74375,7.440476190476191e-05
324503,9,False,0.002538269154213352,0.24,0.073,3.6,0.26,0.15533780602578778,0.5577360203174382,6.389732457654542,3.6676131184413245,3.1236447924152575,0.6093420407235238,0.0654868489175516,0.20140295965930494,0.0619714855354586,0.07579988468246002,-0.03669931973003508,-0.009669358227121703,0.14591622715834154,0.017031811104161902,0.7843749999999999,9.92063492063492e-05
324503,10,False,6.221244821547089e-06,0.24,0.073,3.6,0.3,0.15178851743639535,0.5777999492742472,7.277877357084694,3.77503134025359,2.9794383182118582,0.5192130841671098,0.0731469914540148,0.21199539861129263,0.06283805105143844,0.07685869099961704,-0.030089962548914516,-0.006609103161329995,0.1492966278097328,0.01851645968394626,0.78125,0.00029761904761904765
324503,11,False,4.658999987481879e-05,0.24,0.073,3.6,0.34,0.14817553130547825,0.6090359282584838,8.498510561068196,3.853459256475948,2.8891461784422114,0.5401268183333535,0.08046311785306622,0.21524640438757572,0.06048791666133335,0.07930555584006344,-0.023172312596861037,-0.003959193432478054,0.15301531139987912,0.020806102911814787,0.815625,0.0005952380952380953
324503,12,False,0.03561278240401285,0.24,0.073,3.9,0.22,0.1561228859347531,0.5396970145516875,6.136665543052831,3.6506505756340495,3.1031139528805367,0.5543700390311019,0.053128536437217815,0.17065473607208226,0.048658529194814316,0.07529665301278567,-0.04439016681988878,-0.01519046370428832,0.13176472374087933,0.016447262980776145,0.765625,0.00014880952380952382
324503,13,False,0.01138254676602982,0.24,0.073,3.9,0.26,0.15287949858642239,0.5582618442183889,6.717719957567997,3.6815371294574666,3.035795356477988,0.5671030022217989,0.06052144191046476,0.19117783601053304,0.05575968855330829,0.07573217661823972,-0.03937695873467718,-0.011568405738169064,0.13567533892994466,0.017578298750130922,0.7749999999999999,0.00029761904761904765
324503,14,False,0.0006617520919704046,0.24,0.073,3.9,0.3,0.14950793838117343,0.5784050416323471,7.562060008404325,3.758961928062469,2.987324477665312,0.5598976642292132,0.06795358282261323,0.20306681784999472,0.05780866942720294,0.07723490707647934,-0.033347133152902636,-0.008472641973051118,0.13989424231248798,0.018892624512118768,0.7875,0.0005456349206349206
324503,15,False,5.681318228572938e-05,0.24,0.073,3.9,0.34,0.14609220025097452,0.6022444944723657,8.66979358859527,3.8747298407126873,2.8752559277144165,0.5286602189421452,0.07522931507452385,0.20862449788755943,0.056548075502352906,0.07943053094451266,-0.026782287187893418,-0.005809261575660685,0.14448413811924654,0.020793298107131222,0.8125,0.0009424603174603175
324503,16,False,9.980131044057891e-06,0.3,0.073,3.0,0.22,0.16276119945419548,0.5391431798641307,5.222627150325307,3.535263244308396,3.2009027598287165,0.5092070874359792,0.07395539689556,0.19422665515705526,0.06753216665252215,0.07764256151143763,-0.0350323433015511,-0.006129792352110412,0.20239181119326108,0.019104710201323483,0.7875,0.0
324503,17,False,6.90965842675023e-05,0.3,0.073,3.0,0.26,0.15915654596014778,0.5609973265025616,6.0408084037961425,3.628114005080007,3.1083590021493492,0.4895264560972188,0.08162147449527755,0.2104815945408987,0.07087859087783668,0.07848190941268393,-0.028372647977756335,-0.0030790381723969935,0.19855806905914403,0.020163561416446117,0.7999999999999999,2.48015873015873e-05
324503,18,False,0.00015908883438459648,0.3,0.073,3.0,0.3,0.1553490847263919,0.5885219543584322,7.11766330207924,3.712280172710019,3.0103529230375945,0.5146491854849284,0.08872856842826132,0.21843589586728762,0.07072178319850397,0.08022448454588188,-0.021225651170901506,-0.0005330789977552853,0.19541007985311457,0.022044431329512035,0.8187500000000001,7.440476190476191e-05
324503,19,False,0.00026467639373207915,0.3,0.073,3.0,0.34,0.151459045866844,0.6199407629004918,8.478309556991888,3.808649159523129,2.9104281110135464,0.5201129069435284,0.09519204655956412,0.2200455234250524,0.06690044787113976,0.08178393809813364,-0.014032486294466228,0.0016311758188146145,0.19327153423429844,0.02480360138696143,0.8374999999999999,0.0001984126984126984
324503,20,False,0.0009213129584234017,0.3,0.073,3.3,0.22,0.16023282453837173,0.5390529924197777,5.5405496896119795,3.6053732958939966,3.1781537158544273,0.5175317822431733,0.06726821762154642,0.18327131004927863,0.060050246141164554,0.07752556807772557,-0.038323800777148406,-0.008559848135297593,0.1861656151537947,0.019743277737525933,0.790625,2.48015873015873e-05
324503,21,False,2.0083464027609262e-05,0.3,0.073,3.3,0.26,0.15676615454707282,0.5584194277970036,6.263519155152312,3.6834344374273265,3.0824283814693096,0.49120721946369716,0.07480016550620446,0.20167301454383632,0.06463061115930682,0.07794107160454014,-0.03220480511044346,-0.005346976981447004,0.18431461471560778,0.020621356748493726,0.796875,7.440476190476191e-05
324503,22,False,8.335609106929885e-05,0.3,0.073,3.3,0.3,0.15312225452443168,0.5815723509727158,7.239002130780496,3.74814510884743,2.995442325497349,0.5116998852056334,0.08201087013209443,0.21137783979315514,0.06546049441493398,0.07943903441496458,-0.0254124613625903,-0.0025950662260754067,0.18297306903871335,0.022118586066785233,0.81875,0.0001240079365079365
324503,23,False,0.00017138231469220093,0.3,0.073,3.3,0.34,0.14940717834767986,0.615438073220966,8.541650836411405,3.8376770827055444,2.8924524935564935,0.5284907212864483,0.08876048734212505,0.21443681917239757,0.06292142304396844,0.08134537096672931,-0.018511216775778716,-0.00024994635268326066,0.18243203316815304,0.024574326516977815,0.828125,0.00029761904761904765
324503,24,False,0.008868107457198281,0.3,0.073,3.6,0.22,0.15767847910183524,0.540440756959687,5.89262710537073,3.666200027515437,3.115486383592451,0.4796566174742676,0.06152464334654252,0.17271757858618386,0.05254638785782242,0.07728687131694287,-0.040937288593247134,-0.010732690587054509,0.17148991400865088,0.020240305562375778,0.796875,7.440476190476191e-05
324503,25,False,0.000180562464889425,0.3,0.073,3.6,0.26,0.15435389212972722,0.5592538599216135,6.5364137488876155,3.702427945215281,3.081003994685092,0.5305210488067786,0.06879407923464687,0.19231910685289094,0.058819486280866834,0.07765383520829147,-0.03539670348039985,-0.007400336309164587,0.17120306212619693,0.02111379106992521,0.815625,9.92063492063492e-05
324503,26,False,3.31609736405231e-05,0.3,0.073,3.6,0.3,0.15088232139981775,0.5784200893179234,7.440149277925958,3.7655772524877515,2.984111997955175,0.49915267276831843,0.07595398958000672,0.20380119244266426,0.06023161669810767,0.07894925344744586,-0.029116370998317674,-0.004590934517209697,0.17136609951611184,0.02236343581457072,0.8187500000000001,0.00034722222222222224
324503,27,False,9.634072465253988e-05,0.3,0.073,3.6,0.34,0.14734429264654475,0.6091942217964617,8.679623010698672,3.872976328205377,2.8688138022804335,0.5170818373315687,0.08283371504545037,0.2081370491416834,0.05896980527358533,0.08133949119862191,-0.022511478455945304,-0.0021893239872947884,0.1722095661991827,0.02444577083336686,0.84375,0.0005952380952380953
324503,28,False,0.02215846810739957,0.3,0.073,3.9,0.22,0.15512061558564083,0.5439683312396264,6.27633583275863,3.6888266183144216,3.0636981635087697,0.48251147670701744,0.056602851360459706,0.1620543639135469,0.045548097128756966,0.07711783569116906,-0.042901337879193355,-0.012630385414074246,0.15833415940712764,0.020639313983031017,0.79375,0.00014880952380952382
324503,29,False,0.005148023308157149,0.3,0.073,3.9,0.26,0.15194811139446962,0.5602647039807738,6.859417955052833,3.7297978004030963,3.0406159978914427,0.552991034676191,0.06354252458029666,0.18280081172978008,0.05284487905476567,0.07730816741400393,-0.03808824644531261,-0.0093775296587377,0.15929556474927054,0.02149159897315927,0.8125,0.0003224206349206349
324503,30,False,6.863439251485587e-06,0.3,0.073,3.9,0.3,0.14864663798241046,0.5783466433876236,7.71377820522257,3.7723662209657594,2.9691730645716237,0.562763860896939,0.07055288825267739,0.19535009323552738,0.05530946906821806,0.07866666519721788,-0.032327055079300775,-0.006449068546378453,0.16072269648852272,0.022571140077917246,0.8125,0.0005456349206349206
324503,31,False,4.5148608251885466e-05,0.3,0.073,3.9,0.34,0.14530353708021268,0.6024746586269787,8.84947056124412,3.9095195309927595,2.875222056658452,0.5329917140474367,0.07745280638682758,0.2017357249763132,0.05485398507085272,0.08121614239975454,-0.0260555291685041,-0.004022191326573287,0.16279489839612743,0.02430093637071247,0.84375,0.0009176587301587302
