seed,architecture,beta,qJ,rough_hurst,leverage_rank,zumbach_rank,excess_kurtosis,mean_log_variance_acf,max_abs_return_acf,cap
196613,slow_5_250_pm05,1.5,0.1,0.09681561781916731,0.00033690215536598313,0.056579125789326445,4.299020808232493,0.40667927950111626,0.08255561834007415,0.0
196613,slow_5_250_pm05,1.5,0.2,0.12674274866745197,0.007023299209986611,0.07428612629082365,5.972893827093662,0.376502639874721,0.08647153441472485,2.48015873015873e-05
196613,slow_5_250_pm05,1.5,0.3,0.15329241141760552,0.01062943686495611,0.06947561536393501,9.633294166166243,0.36509424753010256,0.09283157162611629,0.0001984126984126984
196613,slow_5_250_pm05,1.5,0.4,0.16875343325815334,0.011835492086602496,0.05940660427034671,15.930288162224214,0.36578034690944683,0.09916228042028591,0.0008680555555555555
196613,slow_5_250_pm05,2.0,0.1,0.07303211458086589,-0.005080189732586388,0.047540842066447764,5.34735323116893,0.3305225133628342,0.08560048698436161,0.0
196613,slow_5_250_pm05,2.0,0.2,0.09958023361209487,0.0030324411029992184,0.06633610172776902,6.806046757769877,0.3254787188740833,0.08858027131469316,2.48015873015873e-05
196613,slow_5_250_pm05,2.0,0.3,0.12841555532039034,0.008049656647119714,0.06368491506305167,10.02547446647915,0.3315908135563166,0.09318953391655432,0.00029761904761904765
196613,slow_5_250_pm05,2.0,0.4,0.1482720513784791,0.010409254547181708,0.057755427175052956,15.834438868395802,0.34298905825669623,0.09757496460973845,0.001140873015873016
196613,slow_5_250_pm05,2.5,0.1,0.0578885674921362,-0.009689515920054926,0.03903167413714305,6.517101453983834,0.26937934245175243,0.08753714452043829,0.0
196613,slow_5_250_pm05,2.5,0.2,0.07952934740128662,-0.0009049741118507784,0.057558616787160316,7.8037125898617745,0.27856388088876305,0.08973204534564516,4.96031746031746e-05
196613,slow_5_250_pm05,2.5,0.3,0.10694413760341505,0.005127825321507609,0.05792251276275821,10.685699118476377,0.2968979408821017,0.09406131718582746,0.00047123015873015874
196613,slow_5_250_pm05,2.5,0.4,0.1286825297127397,0.008975575140333394,0.053468598686308946,15.916678796287455,0.3173820875245606,0.09734867250933861,0.0017857142857142857
196613,slow_5_250_pm05,3.0,0.1,0.047999252719940544,-0.013472402398447863,0.03098789039084466,7.718294921832705,0.2223989674989443,0.08878468493500771,2.48015873015873e-05
196613,slow_5_250_pm05,3.0,0.2,0.06515072560429658,-0.0048582800919419805,0.048895359289054544,8.868871285655501,0.23827346778786873,0.09108921796227083,0.0001240079365079365
196613,slow_5_250_pm05,3.0,0.3,0.08942297652223219,0.0019965003174417357,0.05218177163461608,11.54159361839946,0.2637137576600903,0.09628781020884628,0.0008432539682539683
196613,slow_5_250_pm05,3.0,0.4,0.11093896867448821,0.006521533616572938,0.04780097291087721,16.242302084116968,0.2907224909102727,0.09715638908741005,0.002802579365079365
196613,slow_5_250_pm05,4.0,0.1,0.03663162298560504,-0.018603170415314604,0.016958012645219362,10.034200378471102,0.15984150320250237,0.09085561944847936,0.0003720238095238095
196613,slow_5_250_pm05,4.0,0.2,0.047430577372478376,-0.011273208965614383,0.03530156428092197,11.207673369426644,0.17803191949856306,0.09093021971202814,0.001488095238095238
196613,slow_5_250_pm05,4.0,0.3,0.06432592726946464,-0.004636600653239661,0.039595878656130255,13.165639372444748,0.2067901924926721,0.09550569450908994,0.003373015873015873
196613,slow_5_250_pm05,4.0,0.4,0.0807649043312193,-0.00016535911405324093,0.03773480736116405,16.564636096548867,0.23739751246559967,0.09681686193049951,0.006919642857142857
196613,mid_10_500_pm05,1.5,0.1,0.09212649082423556,-0.001107180604654851,0.05686928823819568,4.387484417225095,0.38830883327307397,0.08340597710885919,0.0
196613,mid_10_500_pm05,1.5,0.2,0.11130377317666826,0.003641624159143721,0.07866750114850896,6.056317824224411,0.328629878793431,0.0854092264485799,4.96031746031746e-05
196613,mid_10_500_pm05,1.5,0.3,0.12711899606545335,0.005798639187495736,0.07845354471331317,9.403687577904005,0.2869605232822627,0.08713060775579265,0.0001984126984126984
196613,mid_10_500_pm05,1.5,0.4,0.13432176762776227,0.006106345971522379,0.06720286772703321,14.498778600455914,0.26391061811770417,0.08912938735355423,0.0006200396825396825
196613,mid_10_500_pm05,2.0,0.1,0.07051414665681702,-0.006215023266073705,0.047126111103286884,5.449606903281044,0.3168004939651766,0.0865291622384976,0.0
196613,mid_10_500_pm05,2.0,0.2,0.08959402068007115,-8.636205686674394e-05,0.06921351772704648,6.86988143314775,0.28604258596004906,0.08677506790722837,7.440476190476191e-05
196613,mid_10_500_pm05,2.0,0.3,0.10911986578080307,0.003197934562391605,0.07248394560671217,9.654110448427847,0.2637251571000954,0.08921855753645865,0.0002728174603174603
196613,mid_10_500_pm05,2.0,0.4,0.1207359974337346,0.004413706217230631,0.06415248393513977,14.379154829037233,0.25071494041949266,0.08813379287911535,0.0010416666666666667
196613,mid_10_500_pm05,2.5,0.1,0.05649820988920094,-0.010666770281444353,0.037606625862324,6.615472328697695,0.2592064749141546,0.08846293765563568,0.0
196613,mid_10_500_pm05,2.5,0.2,0.0730780173408048,-0.0038016922647310454,0.05874501468011633,7.859912970890763,0.24665779956236017,0.0882105298550902,9.92063492063492e-05
196613,mid_10_500_pm05,2.5,0.3,0.09291068368620138,0.0003352810410720201,0.06439802238996958,10.19071720371182,0.2390790326673631,0.0908841494230046,0.00034722222222222224
196613,mid_10_500_pm05,2.5,0.4,0.10710280611417225,0.0025977286081037554,0.0597182018212965,14.354737041622316,0.23521771852998094,0.08971239096591199,0.0016617063492063492
196613,mid_10_500_pm05,3.0,0.1,0.047237887476128226,-0.0142579922019755,0.02888304686832146,7.805417086254077,0.2148565531022613,0.08977077783226564,2.48015873015873e-05
196613,mid_10_500_pm05,3.0,0.2,0.060996126029966256,-0.007328494092441221,0.04908628475913894,8.930158787203794,0.2126610295025187,0.08947359905958356,0.00014880952380952382
196613,mid_10_500_pm05,3.0,0.3,0.07931651603547704,-0.002439829941436909,0.05638906164983397,11.082544046191792,0.215064253328693,0.09210713535285978,0.000744047619047619
196613,mid_10_500_pm05,3.0,0.4,0.09421028650879282,0.00022886875827217608,0.05404442001335567,14.44013779241963,0.21832855961046532,0.08994796664256019,0.002628968253968254
196613,mid_10_500_pm05,4.0,0.1,0.03650916140592882,-0.019200907000926602,0.015552579761001654,10.104939141377065,0.15570898893932172,0.09143298107904121,0.0004464285714285714
196613,mid_10_500_pm05,4.0,0.2,0.04577719083938853,-0.01302414079669427,0.03372803097441529,11.255861637207342,0.16157421793673066,0.08996958567706036,0.0013392857142857143
196613,mid_10_500_pm05,4.0,0.3,0.05921116624121789,-0.008392556655465564,0.0400370996793402,13.025509335177226,0.17248675147562845,0.09328724481012637,0.0038194444444444443
196613,mid_10_500_pm05,4.0,0.4,0.07181246294282384,-0.005168730996102723,0.041031646037658936,15.843023619433318,0.18310793073282228,0.09293697249920604,0.006994047619047619
221251,slow_5_250_pm05,1.5,0.1,0.1003648538476782,-0.010612899775829568,0.013705686275406026,4.347958395552558,0.43478881417100823,0.09124185815222206,0.0
221251,slow_5_250_pm05,1.5,0.2,0.12177269439396224,-0.006786719009377624,0.024157840875795474,5.5004983387705835,0.3912108029218717,0.09191701431547072,0.0
221251,slow_5_250_pm05,1.5,0.3,0.14285866629144833,-0.004922191401597783,0.01926416061047761,7.578080875526002,0.3497738880401446,0.0935869200137438,2.48015873015873e-05
221251,slow_5_250_pm05,1.5,0.4,0.1589405868847372,-0.00409708109072972,0.008606149236172797,11.691708807633574,0.32367627974962965,0.09839639497323975,4.96031746031746e-05
221251,slow_5_250_pm05,2.0,0.1,0.07681573566116709,-0.01450056621585377,-0.0056027522569911635,5.318461382625069,0.35434729328406067,0.09297200621534309,0.0
221251,slow_5_250_pm05,2.0,0.2,0.0961269995641027,-0.009984743961517243,0.004754202407936059,6.289723508651613,0.3330579057625732,0.09321486850818003,0.0
221251,slow_5_250_pm05,2.0,0.3,0.1182535240930711,-0.0070884641362370686,0.004465167739030916,7.964087646299669,0.31151817913978264,0.09459016391053804,2.48015873015873e-05
221251,slow_5_250_pm05,2.0,0.4,0.1373874194008673,-0.005366269534620097,-0.00326121452765102,11.47667699396922,0.29817585496769705,0.09846036811456156,0.0001240079365079365
221251,slow_5_250_pm05,2.5,0.1,0.06173147538565045,-0.01796685566414189,-0.020661756132228266,6.3763094989211275,0.28828542214190567,0.09354678896616672,0.0
221251,slow_5_250_pm05,2.5,0.2,0.07779579592878463,-0.013291000944259022,-0.01119810071425895,7.192708509075807,0.28106429817945566,0.09380734799183328,0.0
221251,slow_5_250_pm05,2.5,0.3,0.09832731213641713,-0.009231998635360504,-0.009502602653271568,8.55015886974209,0.27399524996974567,0.09420047434699144,2.48015873015873e-05
221251,slow_5_250_pm05,2.5,0.4,0.11803592680288157,-0.007050551122871153,-0.013114386804048417,11.551213338470237,0.27135484170274576,0.09765024343237877,0.0003968253968253968
221251,slow_5_250_pm05,3.0,0.1,0.05177858531735638,-0.020719301394256637,-0.031118534408183667,7.44818117501756,0.236551700036487,0.09296766822138502,0.0
221251,slow_5_250_pm05,3.0,0.2,0.06481823235313411,-0.016304367328130766,-0.022355002613230965,8.126700552241182,0.23734676015677206,0.0930778280147769,2.48015873015873e-05
221251,slow_5_250_pm05,3.0,0.3,0.08287760805938643,-0.0117954645502507,-0.019409230951513125,9.434662931370275,0.23975967929960054,0.09414902683539855,0.00017361111111111112
221251,slow_5_250_pm05,3.0,0.4,0.10165996139920602,-0.008217807032693572,-0.02083993578212332,12.657105121589078,0.2454133636313078,0.09750408229150431,0.0008680555555555555
221251,slow_5_250_pm05,4.0,0.1,0.040112126830623165,-0.024597209787505386,-0.041079194698837085,9.661995176738895,0.16617837452862244,0.09033570498779095,0.0002232142857142857
221251,slow_5_250_pm05,4.0,0.2,0.048821731547305916,-0.020946192847509756,-0.034502276369200544,10.549610315100248,0.17354782538216362,0.09120105538351328,0.0007192460317460318
221251,slow_5_250_pm05,4.0,0.3,0.06216321771342837,-0.015998862547033976,-0.03200578163251626,11.499281780611529,0.18583349610161937,0.09304305168307808,0.0018353174603174603
221251,slow_5_250_pm05,4.0,0.4,0.07691599250451203,-0.012243764732040799,-0.030599125056278317,13.422845587447803,0.20090207808663535,0.09934966036753404,0.003472222222222222
221251,mid_10_500_pm05,1.5,0.1,0.09571690069128122,-0.01106855889521313,0.014605830034444494,4.567325998752175,0.41952911416907973,0.09136847563182166,0.0
221251,mid_10_500_pm05,1.5,0.2,0.10798096873614395,-0.007712559627837586,0.031689624725984133,5.9578835895427,0.3539866056946618,0.0906729194367531,0.0
221251,mid_10_500_pm05,1.5,0.3,0.11891761809356988,-0.006020667785517046,0.033148938404561505,7.9777971015275035,0.2936427376874284,0.08809547390769792,2.48015873015873e-05
221251,mid_10_500_pm05,1.5,0.4,0.12636368405206783,-0.005068647178301702,0.027726283623594618,11.258027279171433,0.2517532988692439,0.08697892206161682,0.000248015873015873
221251,mid_10_500_pm05,2.0,0.1,0.0744124480434381,-0.014956698154415023,-0.005273922874026893,5.59074603177292,0.34265722758741723,0.09330298844260698,0.0
221251,mid_10_500_pm05,2.0,0.2,0.08748985187405568,-0.011125591601549537,0.009534461649994165,6.8119785593445705,0.3021571924712769,0.09267601106193403,0.0
221251,mid_10_500_pm05,2.0,0.3,0.10111476998339519,-0.008533997765014843,0.01636343865131089,8.405056325123784,0.26217750943689355,0.090195499837605,4.96031746031746e-05
221251,mid_10_500_pm05,2.0,0.4,0.11196053215797058,-0.006947526028625494,0.01487431822341399,11.058557797578331,0.23280489585477263,0.08856082109805852,0.00042162698412698415
221251,mid_10_500_pm05,2.5,0.1,0.060505428147591356,-0.01849686628524817,-0.021400995164320313,6.690157627343666,0.27943428485178,0.09380945526701752,0.0
221251,mid_10_500_pm05,2.5,0.2,0.07235710742172555,-0.014326922290677271,-0.007993419851103196,7.783053691904566,0.2558484227153729,0.09324023855543849,2.48015873015873e-05
221251,mid_10_500_pm05,2.5,0.3,0.0861666675337579,-0.011128131742041856,0.002303473015739084,9.114683521585757,0.23143313936304943,0.09166024141731575,7.440476190476191e-05
221251,mid_10_500_pm05,2.5,0.4,0.0985102018643024,-0.009002366445313995,0.0029046996932806674,11.424711628922855,0.21294689898999436,0.09064619136255958,0.0006696428571428571
221251,mid_10_500_pm05,3.0,0.1,0.05120816434375372,-0.021203482924159425,-0.03247473853287631,7.7885477501004665,0.22988694926760964,0.0931963386488804,0.0
221251,mid_10_500_pm05,3.0,0.2,0.06137613829447089,-0.017242740487624544,-0.02020490640469972,8.76633735913904,0.2169959508096851,0.09293482524932625,2.48015873015873e-05
221251,mid_10_500_pm05,3.0,0.3,0.07426040697089764,-0.013369084985156418,-0.009789643779399101,10.179672054949439,0.20356186213554103,0.09279331194551588,0.0004464285714285714
221251,mid_10_500_pm05,3.0,0.4,0.08678743445635596,-0.010776467892069742,-0.005635716439152876,12.489989120333972,0.1938152914073485,0.0916133179123026,0.0010912698412698413
221251,mid_10_500_pm05,4.0,0.1,0.040169099197801234,-0.025111484170452628,-0.04282752735840843,9.972588853031123,0.16244327545940254,0.09034975849718373,0.00029761904761904765
221251,mid_10_500_pm05,4.0,0.2,0.04752080914016457,-0.021898926896858194,-0.03473208421758035,11.14377042594953,0.16052748195601987,0.09142096896811396,0.000818452380952381
221251,mid_10_500_pm05,4.0,0.3,0.05788837799153466,-0.017814645607937378,-0.02687087573607819,12.326601270640186,0.1604540164370455,0.09119110727799999,0.0021825396825396826
221251,mid_10_500_pm05,4.0,0.4,0.06891402637241201,-0.014713874682557396,-0.015809104483811356,13.685764609173148,0.16240421950719555,0.09388354860373742,0.004861111111111111
262147,slow_5_250_pm05,1.5,0.1,0.09540739246808563,-0.004171454110110674,0.029330687234323662,4.019573668677775,0.4176956570352546,0.08017456747505075,0.0
262147,slow_5_250_pm05,1.5,0.2,0.12167714810909057,0.005618082141210573,0.05254754343285349,4.721375576365375,0.3765129737564214,0.08383856278609497,0.0
262147,slow_5_250_pm05,1.5,0.3,0.14764910535013331,0.010439023464177195,0.045751186602865083,6.7006241949518675,0.33633966788428804,0.09120818455826211,7.440476190476191e-05
262147,slow_5_250_pm05,1.5,0.4,0.16373433496513531,0.012268220465425337,0.029878660062033168,11.223612282635855,0.3109149342777029,0.10077219238331733,0.0005208333333333333
262147,slow_5_250_pm05,2.0,0.1,0.07171151882134462,-0.009089993239942324,0.01625772051712074,5.027220967065384,0.33860132845283386,0.07891875767981296,0.0
262147,slow_5_250_pm05,2.0,0.2,0.09468049872982476,0.0009695581270497767,0.04045417254486751,5.58327378548913,0.31920779454563764,0.08325120434859262,2.48015873015873e-05
262147,slow_5_250_pm05,2.0,0.3,0.12175230114378832,0.0071468167137532825,0.03928660041730189,7.193798391670409,0.2989258993032849,0.09046061894976284,0.00014880952380952382
262147,slow_5_250_pm05,2.0,0.4,0.14212155120820777,0.010208964194336968,0.027144054421570186,10.903556324184397,0.28508851571877925,0.09975068052554081,0.0007688492063492063
262147,slow_5_250_pm05,2.5,0.1,0.056779778628162164,-0.01307114248078733,0.007046530042351551,6.06435141185708,0.2749752660006857,0.07824263851143481,0.0
262147,slow_5_250_pm05,2.5,0.2,0.0753634062521663,-0.00367171127797917,0.029804573109554623,6.512416082299323,0.2680124811276826,0.08188765661769587,9.92063492063492e-05
262147,slow_5_250_pm05,2.5,0.3,0.10011085640947384,0.0033012134827600757,0.032659074362410834,7.8655246395534775,0.26166557860536127,0.08892557096187045,0.0003224206349206349
262147,slow_5_250_pm05,2.5,0.4,0.12170609029928889,0.007518862307052725,0.02557780139675949,10.89540219062219,0.25773911019883117,0.09730405425239697,0.0011160714285714285
262147,slow_5_250_pm05,3.0,0.1,0.04712114378891924,-0.01627970425864399,0.0007851611070762909,7.072467027686503,0.22622681612075451,0.0776757278094044,2.48015873015873e-05
262147,slow_5_250_pm05,3.0,0.2,0.06185860823907004,-0.007800804532849927,0.021833547762661352,7.471665844610186,0.2256801655517982,0.08043638986925877,0.0001984126984126984
262147,slow_5_250_pm05,3.0,0.3,0.08311392868321921,-0.0004259938281854902,0.02659157433252682,8.678806583869584,0.2277611425146166,0.08746954235655649,0.0004464285714285714
262147,slow_5_250_pm05,3.0,0.4,0.10386209682635718,0.004623662127711253,0.022819383548445447,11.253537480194426,0.23127775864634795,0.09470101543956957,0.001636904761904762
262147,slow_5_250_pm05,4.0,0.1,0.03616482193319988,-0.020292971976518505,-0.004656220075381702,8.970036697153805,0.16160486384340897,0.07541780791566902,0.000496031746031746
262147,slow_5_250_pm05,4.0,0.2,0.0454722962139858,-0.013624910595573254,0.010949893016358528,9.402345671830577,0.16520432950870897,0.07813552873360302,0.0010168650793650794
262147,slow_5_250_pm05,4.0,0.3,0.06031335316462338,-0.006581830146952279,0.018689824771885192,10.468901921010628,0.17458241002993521,0.08293130703947754,0.0024057539682539684
262147,slow_5_250_pm05,4.0,0.4,0.07651540208706854,-0.0010161700219804316,0.017277211441928737,12.650662876589,0.18691022077407518,0.08905924177759891,0.004910714285714286
262147,mid_10_500_pm05,1.5,0.1,0.09228170771534576,-0.004830356502205404,0.027119061169420648,4.184259358367257,0.39976288608115174,0.07927860220519484,0.0
262147,mid_10_500_pm05,1.5,0.2,0.11121178692803327,0.004087868170677725,0.05300675243830554,4.974054866176608,0.33280434054029057,0.08085814952803086,0.0
262147,mid_10_500_pm05,1.5,0.3,0.1272726830312837,0.008010148225510159,0.05270769877831549,6.842132729705798,0.2756151583839384,0.0849139046141997,9.92063492063492e-05
262147,mid_10_500_pm05,1.5,0.4,0.13362941777090295,0.009342550841471616,0.0444278174170463,10.610145793378319,0.23735386851277201,0.09113610828303961,0.0004464285714285714
262147,mid_10_500_pm05,2.0,0.1,0.07040392486878215,-0.009736814460836539,0.012134114397022507,5.205600568978154,0.32644785029174983,0.07805108785112583,0.0
262147,mid_10_500_pm05,2.0,0.2,0.0888441272272616,-0.0004666092352794346,0.038442783778806305,5.8592790737270555,0.2861899029648874,0.07989827618898897,2.48015873015873e-05
262147,mid_10_500_pm05,2.0,0.3,0.10777480545922288,0.0048156246970673606,0.04359298339125609,7.322896861826537,0.24883629361559612,0.08351139377087033,0.00017361111111111112
262147,mid_10_500_pm05,2.0,0.4,0.11874245604325998,0.0072161760559579305,0.03947972791055141,10.305756936164736,0.2208843408214714,0.0883528297901105,0.0007688492063492063
262147,mid_10_500_pm05,2.5,0.1,0.056295574415269126,-0.013824694829003791,0.001691299334717184,6.250524822742756,0.2669769523267995,0.07800760355961814,0.0
262147,mid_10_500_pm05,2.5,0.2,0.07215118979984955,-0.004929809994337595,0.024476259292347292,6.7984087769982136,0.2436520602250764,0.07930647023960928,0.00014880952380952382
262147,mid_10_500_pm05,2.5,0.3,0.09072738423500978,0.0014410575350215522,0.033088547947560124,8.021226353803488,0.22134267276323494,0.08305645038900106,0.0002728174603174603
262147,mid_10_500_pm05,2.5,0.4,0.10411897093984832,0.004917456769727762,0.03407446470085827,10.321128909034789,0.20295081401767553,0.08681714244347802,0.0011160714285714285
262147,mid_10_500_pm05,3.0,0.1,0.04703361219827792,-0.01693712849293892,-0.005391483022633335,7.263807715672985,0.22107902321451994,0.07754632410928078,4.96031746031746e-05
262147,mid_10_500_pm05,3.0,0.2,0.06006401169774654,-0.008947606014802094,0.012678032906054317,7.724095861634064,0.20776619463257034,0.07946592421295451,0.00017361111111111112
262147,mid_10_500_pm05,3.0,0.3,0.07680570018661766,-0.00217064960329077,0.02170422767816639,8.803914075921732,0.19556556928325747,0.08240393552046646,0.0005456349206349206
262147,mid_10_500_pm05,3.0,0.4,0.09093522025095806,0.0024864444007984777,0.026977009170311324,10.773100829429492,0.18503783899329834,0.08566309772617277,0.002058531746031746
262147,mid_10_500_pm05,4.0,0.1,0.03635163285171908,-0.020791786164161594,-0.010196481933250841,9.135226220917719,0.15966992531607804,0.07601317356704068,0.0005208333333333333
262147,mid_10_500_pm05,4.0,0.2,0.0448385760425629,-0.014857170081188444,0.0002372250765171665,9.688438756520931,0.15533207031325325,0.07949249044662066,0.0012152777777777778
262147,mid_10_500_pm05,4.0,0.3,0.05724061694356851,-0.00849003403252401,0.009971103708459158,10.635193242389983,0.15369993676974264,0.08201905517592387,0.0031498015873015874
262147,mid_10_500_pm05,4.0,0.4,0.0695836697609216,-0.003435837539385882,0.015731863530251557,12.372380210476583,0.1533471689786019,0.0844127965432339,0.005902777777777778
