seed,rhoJ,beta,qJ,rough_hurst,leverage_rank,zumbach_rank,excess_kurtosis,mean_log_variance_acf,max_abs_return_acf,cap
196613,0.7,0.8,0.05,0.10206662433914529,-0.0018210292095474025,0.013043112917219058,2.7803671146749007,0.4937181892952477,0.07823592425415894,0.0
196613,0.7,0.8,0.1,0.08456849031309205,-0.0005847877103522699,0.017182507148814384,3.3825627454514464,0.4289240390912824,0.07908406831890757,0.0
196613,0.7,0.8,0.2,0.06011885607957067,0.0007794716113553955,0.019948088527017797,5.294975807113021,0.2974641598987529,0.07929318021391989,0.0
196613,0.7,0.8,0.4,0.04190244963587716,0.0010025482358078873,0.013134333326979289,11.167178723281985,0.14870907236423608,0.07667732866780261,0.0006944444444444445
196613,0.7,0.8,0.8,0.035850965908397314,2.9938113227900767e-05,-0.001099740594150413,20.700416545884558,0.07486931646165798,0.07176829018518108,0.01351686507936508
196613,0.7,1.0,0.05,0.08909313674717258,-0.0047805769247178664,0.01064992502650475,3.078950489607738,0.45240015974394243,0.08000576894865402,0.0
196613,0.7,1.0,0.1,0.0762044635275696,-0.0030884093320973295,0.01523266884105615,3.685806366348398,0.39759601890069646,0.08088346883608105,0.0
196613,0.7,1.0,0.2,0.056636469296572706,-0.0010950379704471715,0.017970736645419486,5.521364020762597,0.2827788330869142,0.08060185027074504,2.48015873015873e-05
196613,0.7,1.0,0.4,0.04083422458695798,8.832361064358037e-05,0.012470111683057887,11.040943566413217,0.14585008567233426,0.07729180627236301,0.0006944444444444445
196613,0.7,1.0,0.8,0.03572985209381682,-0.0007743395497465172,-0.00030888043179081934,20.701907733992236,0.0746121558017808,0.07180916567985621,0.013988095238095239
196613,0.7,1.2,0.05,0.07798083368162144,-0.00765918176523286,0.008198626591857806,3.43164959896474,0.4112314269576697,0.08151022756111086,0.0
196613,0.7,1.2,0.1,0.06857753504738069,-0.0055525232283806,0.012603366506983805,4.038613262070614,0.365669064709728,0.08236663474007656,0.0
196613,0.7,1.2,0.2,0.053197248256748084,-0.0028478497524312375,0.016187744474300613,5.794960803435778,0.26711562333392913,0.08185323317111495,2.48015873015873e-05
196613,0.7,1.2,0.4,0.039753896391018055,-0.0008041697307439436,0.011720119844807232,10.95310258471623,0.14266587698524696,0.07772825249704873,0.000818452380952381
196613,0.7,1.2,0.8,0.03559617306417152,-0.0014497956289979362,1.3605097443899605e-05,20.66865166765988,0.07436079486632163,0.07183619656307363,0.014484126984126985
196613,0.85,0.8,0.05,0.09721443413309548,-0.0018157116457963775,0.017356307875072995,2.9190502049731832,0.48054628451203873,0.07917147823053511,0.0
196613,0.85,0.8,0.1,0.07826878432151622,-0.0005643490454836355,0.025111706318692348,3.6750239228335175,0.40927765394498794,0.08062120676459031,0.0
196613,0.85,0.8,0.2,0.0546784325438118,0.0007418721686328748,0.0326354856319057,5.7303548821947246,0.27993800196952306,0.08135768264499559,4.96031746031746e-05
196613,0.85,0.8,0.4,0.03840804943688062,0.0011058080349485204,0.02532958194563715,11.223073236247538,0.13871457342981952,0.07794510212992084,0.0008680555555555555
196613,0.85,0.8,0.8,0.03506102453494166,0.0006710300911196754,0.0007392988135916864,21.201027694704692,0.0675070411602545,0.0740664127888089,0.013764880952380952
196613,0.85,1.0,0.05,0.08539169468610962,-0.0047729443163471805,0.014487464303903089,3.2235631279069272,0.4408264384160263,0.08094930445344466,0.0
196613,0.85,1.0,0.1,0.07103958979981911,-0.0030686656961966116,0.022594607540190104,3.9845360688608658,0.3799141547675607,0.08237356121379194,0.0
196613,0.85,1.0,0.2,0.05169773000764417,-0.0009802445573788804,0.030244733299282414,5.942154978931173,0.26614554143464303,0.08288301213740104,4.96031746031746e-05
196613,0.85,1.0,0.4,0.03742922524936872,0.00019655224772187905,0.024470101978287574,11.0938138259125,0.13595569016504966,0.07810554348320857,0.0009424603174603175
196613,0.85,1.0,0.8,0.03482097511870515,9.864219002638018e-05,0.0026838738290166976,21.124538956087374,0.0671628227289223,0.0730326607256539,0.014310515873015872
196613,0.85,1.2,0.05,0.07515962221521769,-0.007525110888132791,0.011891434124583069,3.581778897499928,0.40120040017592407,0.08245786999909033,0.0
196613,0.85,1.2,0.1,0.06439855185784837,-0.005474271536041496,0.019524258189372996,4.3441245625494105,0.3499998255808334,0.08376904129815496,0.0
196613,0.85,1.2,0.2,0.04879372313113654,-0.0026621387399975633,0.027353188500536477,6.21050264373519,0.2515336477898482,0.08413386888741997,4.96031746031746e-05
196613,0.85,1.2,0.4,0.036467478817443236,-0.0007847150367567956,0.023441508101046383,11.010320453587862,0.1329380874872674,0.0785585501570216,0.0010416666666666667
196613,0.85,1.2,0.8,0.034553025852209054,-0.00048718120724291353,0.004321591734540192,20.966207109991977,0.06684173695261561,0.0726225428974536,0.014930555555555556
196613,0.97,0.8,0.05,0.09329127302914494,-0.00181883309605366,0.020756461239848138,3.051999678245558,0.4688320817846253,0.07989190297930153,0.0
196613,0.97,0.8,0.1,0.0734231317483185,-0.0007370700171611911,0.03355861682595433,3.9395040829134844,0.3918280949536207,0.08187518804272981,0.0
196613,0.97,0.8,0.2,0.050208113960610465,0.00039859018710428247,0.046759644234165884,6.170147263681809,0.26105222781159665,0.08263836988852583,4.96031746031746e-05
196613,0.97,0.8,0.4,0.0348255389675601,0.0007114761864989453,0.04051524418964569,12.012229099520804,0.124218159143592,0.07687340340976397,0.000992063492063492
196613,0.97,0.8,0.8,0.03133668359162811,0.00037202225229455543,0.012134835573735805,21.121218787515275,0.05774150319131004,0.07601025269079331,0.014384920634920634
196613,0.97,1.0,0.05,0.08237304343919788,-0.004791049942633579,0.017977963415072937,3.3588985177659216,0.43048422414944465,0.08173746656324729,0.0
196613,0.97,1.0,0.1,0.06704110139160804,-0.003255920445043774,0.0308003270939801,4.241885465725533,0.36413242090643827,0.08363413051199103,0.0
196613,0.97,1.0,0.2,0.04763794586386072,-0.0012322267109262485,0.04376707829269597,6.338275247416384,0.24831865328353647,0.0841007270176761,9.92063492063492e-05
196613,0.97,1.0,0.4,0.033997323121413715,-0.00022697978325306005,0.04051847807923591,11.88689760123102,0.12183476707514919,0.07814520768182558,0.0011656746031746032
196613,0.97,1.0,0.8,0.031099437801485136,-0.00024278621794315565,0.012624899494705534,20.970014129525484,0.057607947930112036,0.07601587605652704,0.015054563492063492
196613,0.97,1.2,0.05,0.07284266062225256,-0.007495671985159458,0.015300971000640337,3.7199404327710854,0.3921790168159337,0.08328492022883946,0.0
196613,0.97,1.2,0.1,0.06114482292871639,-0.005646301658713262,0.02692822822350686,4.598679408453881,0.3359125962067604,0.0850069127228878,0.0
196613,0.97,1.2,0.2,0.0451784255058606,-0.002897356305655301,0.04024894600606728,6.5763555488937,0.23492692892859135,0.08521966070951521,9.92063492063492e-05
196613,0.97,1.2,0.4,0.033220070581360735,-0.0011490653978575513,0.04021519240544277,11.88025683118017,0.11933041401301434,0.07947003555372198,0.0012896825396825397
196613,0.97,1.2,0.8,0.03087265281825908,-0.0008875874216051208,0.013545259962322153,20.843549469003563,0.05757488163699223,0.0761269065240843,0.01589781746031746
221251,0.7,0.8,0.05,0.10872704147990857,-0.009744237543635997,-0.003062327109918687,2.821268314642614,0.5263924469385592,0.08520732596862335,0.0
221251,0.7,0.8,0.1,0.09249380234578408,-0.010203719570900372,-0.00038620547886301666,3.639196012528802,0.4628962585663567,0.08393294587791783,0.0
221251,0.7,0.8,0.2,0.06887926815483791,-0.010158642455091453,0.002508628289836004,5.8123767606361065,0.32343642488489405,0.08292402193983403,0.0
221251,0.7,0.8,0.4,0.05271020205128674,-0.008175473244192169,0.005528585932583403,11.082235901623772,0.16167825078203807,0.07975908850771547,0.0006200396825396825
221251,0.7,0.8,0.8,0.03932556060434773,-0.005678335768766321,-0.0052232882585915436,17.367197036036345,0.0705689005116099,0.08339811639478555,0.012698412698412698
221251,0.7,1.0,0.05,0.09549009101223316,-0.0124849725310761,-0.009548513467585108,3.1363785811879428,0.48438078536305484,0.08568941727515594,0.0
221251,0.7,1.0,0.1,0.08385303761488022,-0.012671321027913468,-0.007838359098581018,3.948645059020666,0.42998984302484067,0.08505394097254892,0.0
221251,0.7,1.0,0.2,0.0656067930220404,-0.012132091340861377,-0.00558095732224635,6.051667751270361,0.30737307833970473,0.08430744805382778,0.0
221251,0.7,1.0,0.4,0.051775757139588825,-0.0095046582022957,0.0005668959585548995,11.233014044770126,0.15837352202904623,0.08034155902038803,0.000744047619047619
221251,0.7,1.0,0.8,0.038958791557798536,-0.006486541583020228,-0.0059229352981328975,17.389645370555463,0.07031854819354791,0.0831062852964877,0.013045634920634921
221251,0.7,1.2,0.05,0.08416541350897534,-0.014952491444031157,-0.01650026418432935,3.50967275605994,0.4420022362595877,0.0863688467697592,0.0
221251,0.7,1.2,0.1,0.07594084692215741,-0.014869402196677784,-0.015484168478798311,4.3212658084312885,0.39609757959382824,0.08586654502233923,0.0
221251,0.7,1.2,0.2,0.06223258836561381,-0.013984196130199236,-0.013415888834362988,6.348619510818564,0.2900472468910551,0.08540724738137145,0.0
221251,0.7,1.2,0.4,0.050705654305099254,-0.010780120738048933,-0.004883868447613345,11.403605017574979,0.15458430319370814,0.08103502501209715,0.0008680555555555555
221251,0.7,1.2,0.8,0.038548671529538364,-0.007343833605539379,-0.0067964722652505,17.410718314731028,0.07004957374858847,0.08252562022650117,0.013467261904761905
221251,0.85,0.8,0.05,0.10375073795433119,-0.009502494213050789,5.505435562811866e-05,2.928329790674578,0.5145937031573151,0.0851249081802256,0.0
221251,0.85,0.8,0.1,0.08561840483524777,-0.009512977990805376,0.006195567123851912,3.845772942046313,0.44448156681152,0.08381108825101688,0.0
221251,0.85,0.8,0.2,0.06157000250673796,-0.00879421348081123,0.01460238721086312,6.2088953794044075,0.3055283196790869,0.08364146638672898,0.0
221251,0.85,0.8,0.4,0.04524155559919709,-0.007098252921482315,0.014503948269501398,11.640777846809643,0.1478147429628613,0.0821037818838534,0.0006696428571428571
221251,0.85,0.8,0.8,0.03580590863851762,-0.005201577138153525,0.014976429503829047,17.860970235672248,0.0634264827443367,0.07614010410197172,0.012896825396825396
221251,0.85,1.0,0.05,0.09173700168299109,-0.012074058933341805,-0.00708117762089879,3.247673780483953,0.47393931618737317,0.08548142606004946,0.0
221251,0.85,1.0,0.1,0.07824214190669698,-0.011917091813398461,-0.0026787941825697336,4.162623672066504,0.41336438316429835,0.08478089556125572,0.0
221251,0.85,1.0,0.2,0.05887935482899834,-0.010655348871733611,0.005338888342904309,6.453708493802857,0.29021792235522403,0.08492857668361228,0.0
221251,0.85,1.0,0.4,0.044605892462046284,-0.00823756838976065,0.008976635253715951,11.736826293033374,0.14451208917451835,0.08221081768880603,0.0008432539682539683
221251,0.85,1.0,0.8,0.03553798965468155,-0.005860871265275718,0.013335537295120953,17.89176382402032,0.06313621082788762,0.07557365393239207,0.013665674603174603
221251,0.85,1.2,0.05,0.08133819415484501,-0.014568699872133618,-0.014303484515636537,3.627200102988784,0.4328531836417815,0.08598837231587463,0.0
221251,0.85,1.2,0.1,0.07139919326928937,-0.014179067710604001,-0.010736152588182507,4.54443532341965,0.3812521031385055,0.08542921819238074,0.0
221251,0.85,1.2,0.2,0.05611243183023432,-0.012530337109192253,-0.003522171285900601,6.754501896593536,0.27379193971004834,0.08587738557519839,0.0
221251,0.85,1.2,0.4,0.043884781457831576,-0.009354498081581085,0.003983022328594953,11.865749704122926,0.14084514074243626,0.08219444343025478,0.000992063492063492
221251,0.85,1.2,0.8,0.03524796005497247,-0.006616298305655826,0.012848155189066353,17.92639846165529,0.06287859631540724,0.07487871261653517,0.014285714285714285
221251,0.97,0.8,0.05,0.09921574397255098,-0.008974433571191182,0.002804618990959451,3.0070093953039563,0.5035640728125531,0.08510459709614226,0.0
221251,0.97,0.8,0.1,0.07958832232110796,-0.008694272887931651,0.012729997967277307,3.980213387439467,0.4277982427322795,0.08372124499828179,0.0
221251,0.97,0.8,0.2,0.05561368946008921,-0.007522277592810302,0.029328688559537144,6.508813979403324,0.289392220624501,0.08141066324341367,0.0
221251,0.97,0.8,0.4,0.03818555514119491,-0.005966504649271662,0.035815611476772334,12.339757087330156,0.1348189892430881,0.07687465298960416,0.0007936507936507937
221251,0.97,0.8,0.8,0.0315726551048877,-0.0044814487552049895,0.009555564334435678,19.416068263818953,0.05740645191420809,0.07184481878115767,0.013740079365079365
221251,0.97,1.0,0.05,0.08824889857868103,-0.011640413163325106,-0.004796261148852487,3.3248177506183545,0.46408046719700297,0.085312604188045,0.0
221251,0.97,1.0,0.1,0.07324705045960445,-0.011017698816305172,0.0029577150178081426,4.291444363975919,0.39815446776594104,0.08435607546517626,0.0
221251,0.97,1.0,0.2,0.05343314920890378,-0.009354476687351645,0.02060240635798443,6.710357123188675,0.27484888405866625,0.08231804755947675,0.0
221251,0.97,1.0,0.4,0.03782361489452974,-0.007012623557335668,0.03098204140849269,12.302016904317037,0.13145502591913044,0.07672399792681395,0.0008680555555555555
221251,0.97,1.0,0.8,0.03164077514587918,-0.00514644860083511,0.00745023289518431,19.347803737606387,0.05709574875665261,0.07169177656925443,0.014384920634920634
221251,0.97,1.2,0.05,0.07866439842406905,-0.01411695050087214,-0.012675129647274158,3.704036672397705,0.4241363123249073,0.0855897614944385,0.0
221251,0.97,1.2,0.1,0.06730162510436125,-0.013243132829246374,-0.006331052226447062,4.666580616012934,0.36754936653993164,0.08481510880518457,0.0
221251,0.97,1.2,0.2,0.05117751285253706,-0.01116826166236064,0.010826801488540276,6.978966631828609,0.25929317006837616,0.08325782824680672,0.0
221251,0.97,1.2,0.4,0.037423648676840754,-0.008135435248013493,0.02612556161191891,12.3039234339452,0.12787588586524623,0.07679738947134453,0.0009176587301587302
221251,0.97,1.2,0.8,0.03169456918462693,-0.0058999428467579156,0.005997109306016785,19.30234053044065,0.05690446192639999,0.07121408341640632,0.015128968253968254
262147,0.7,0.8,0.05,0.1036525892325183,-0.009035276461833901,-0.0011626890808217713,3.070723694300353,0.4999019912764748,0.07837968220180219,0.0
262147,0.7,0.8,0.1,0.08651794457051559,-0.00649555679468364,0.007791490232264772,3.604874181313994,0.43317129150809924,0.0786551530270817,0.0
262147,0.7,0.8,0.2,0.06067826064700861,-0.0034913488971391187,0.018577008351668988,5.451533829330014,0.29357690106357265,0.07545755714692634,0.0
262147,0.7,0.8,0.4,0.03939132041609303,-0.0012724967931398296,0.008753769507585022,10.954322053541965,0.1315750630066195,0.0754654921550609,0.0006944444444444445
262147,0.7,0.8,0.8,0.030380580304480313,-4.077410331744871e-05,-0.0007023739917034165,17.24055768692419,0.05261951243769487,0.08028406693600658,0.01185515873015873
262147,0.7,1.0,0.05,0.090659817341488,-0.011593540630676483,-0.006972093624769536,3.4237370171750343,0.4603649076089954,0.07775052764054505,0.0
262147,0.7,1.0,0.1,0.07821519378834801,-0.008830769574812712,0.0018570527021402722,3.9256108691272344,0.4032530023600359,0.07786980043957148,0.0
262147,0.7,1.0,0.2,0.05768412845942571,-0.005478347561184913,0.012965033038232075,5.623497259973524,0.2803034354603015,0.07524642720977137,0.0
262147,0.7,1.0,0.4,0.0386935647269888,-0.002658817123257097,0.0039992355168620985,10.990146468293293,0.12938263401044622,0.0764175185084885,0.0007192460317460318
262147,0.7,1.0,0.8,0.030144845949523658,-0.0006931771953635861,-0.0038024301691980626,17.214668459612774,0.05231354828367461,0.08028353293743762,0.012276785714285714
262147,0.7,1.2,0.05,0.07950713638301571,-0.013851331360277115,-0.012371291958683507,3.8200178229409576,0.42045232980177594,0.0774657291588384,0.0
262147,0.7,1.2,0.1,0.07057489970809042,-0.0109554335439244,-0.004155975032766316,4.294056761229696,0.37224798290816075,0.07698735957330555,0.0
262147,0.7,1.2,0.2,0.05460158123865237,-0.007374285587430741,0.007182789282184426,5.848220846305203,0.26565936709618904,0.0749580209253408,0.0
262147,0.7,1.2,0.4,0.03793618174300456,-0.004013959892494631,-0.0013643646652570576,11.036282241668756,0.12681031902007783,0.0773327671321638,0.0007936507936507937
262147,0.7,1.2,0.8,0.02989536591072067,-0.0014063066604677857,-0.0075744001967828906,17.163569199723447,0.052053171536769194,0.08014475806185167,0.012847222222222222
262147,0.85,0.8,0.05,0.0997312536513201,-0.008048040788628384,0.0030282099865853547,3.2477749742954547,0.4889584085333936,0.07880326849720148,0.0
262147,0.85,0.8,0.1,0.08139445442616272,-0.0046750546720883916,0.015324886557104738,3.9007471779318728,0.4156345339767696,0.07892650730840037,0.0
262147,0.85,0.8,0.2,0.05700988277131504,-0.0005504235838302168,0.03175908526982031,5.838562428868185,0.2766780767139344,0.07662080076409701,0.0
262147,0.85,0.8,0.4,0.03751198224312198,0.0020384540379585463,0.028693012893389668,11.50488686049308,0.12554873660800922,0.07621253865945463,0.0006696428571428571
262147,0.85,0.8,0.8,0.029082993249669342,0.0029927693760737604,0.014978370012640333,18.461640263102865,0.051767807071647465,0.07770547335487708,0.012822420634920634
262147,0.85,1.0,0.05,0.08783628428148152,-0.010623197361063104,-0.0031366186107799543,3.60326448192773,0.45121017376411876,0.07811747001782182,0.0
262147,0.85,1.0,0.1,0.07419332014516379,-0.006992929584666124,0.009153031187047293,4.218577810575578,0.3881558467007188,0.07802392645285547,0.0
262147,0.85,1.0,0.2,0.054381001618595465,-0.0024224706176670142,0.02545298981965608,6.001968333780716,0.2649873221373141,0.07598120773688793,2.48015873015873e-05
262147,0.85,1.0,0.4,0.03683339952235337,0.0007138933036553534,0.0250385550631255,11.539338122211436,0.12365039334258832,0.0771531204813019,0.000818452380952381
262147,0.85,1.0,0.8,0.028758602001076196,0.0021644454442899825,0.015077962866360387,18.381847452016668,0.05131148847195825,0.07743567596254079,0.013467261904761905
262147,0.85,1.2,0.05,0.07747741244591778,-0.012939428736609722,-0.008838845947229102,4.002694897575457,0.41287239191231667,0.07740076844120089,0.0
262147,0.85,1.2,0.1,0.06745123684066673,-0.009194381163624032,0.002126666549096809,4.586624701003608,0.35939483803920325,0.07705865380109872,0.0
262147,0.85,1.2,0.2,0.05166522716813746,-0.004299048965161323,0.01845381274287223,6.226963594948011,0.2519410429907556,0.07584509981035972,2.48015873015873e-05
262147,0.85,1.2,0.4,0.03611250344993306,-0.0004995039496025681,0.021651265200255482,11.582821576181296,0.12140986739113899,0.07797936154103184,0.0009424603174603175
262147,0.85,1.2,0.8,0.02843776435235764,0.00128012724270676,0.015221459725953013,18.298058130407494,0.05089790726725914,0.07715459789385357,0.014037698412698413
262147,0.97,0.8,0.05,0.09650107654372211,-0.007236304671829988,0.006586478175525706,3.4250005279887796,0.47992732007268013,0.07903213494608716,0.0
262147,0.97,0.8,0.1,0.0774641083436824,-0.0033603882418816026,0.022903632429455145,4.1884732446680175,0.40178497844125116,0.07896945572036704,0.0
262147,0.97,0.8,0.2,0.054645719904017225,0.0016999894558315089,0.043054478905087276,6.2113423363083795,0.26462142060755806,0.07819977880899817,7.440476190476191e-05
262147,0.97,0.8,0.4,0.0375183897736807,0.004525865213603441,0.04719449832840414,12.022683389653217,0.12174017185112007,0.07937691974988384,0.0010168650793650794
262147,0.97,0.8,0.8,0.028435194070368923,0.004698775579362003,0.04077132519587211,19.865798610992176,0.05077541139458483,0.08119627557523215,0.014112103174603175
262147,0.97,1.0,0.05,0.08546628415940663,-0.009821778795966966,0.00033432593639086145,3.7841530699939487,0.4437551339408505,0.07833933468574902,0.0
262147,0.97,1.0,0.1,0.07102642179987309,-0.005732647101851632,0.015404763283207133,4.506192320326917,0.37631169530744973,0.07823728557694876,0.0
262147,0.97,1.0,0.2,0.05219051215925083,-0.00021177827276947685,0.03690401273809986,6.384132110534024,0.2540389909967392,0.07773792241731256,4.96031746031746e-05
262147,0.97,1.0,0.4,0.03684970323914339,0.003375914188205832,0.043510859828420026,11.936362365782294,0.12013485171856622,0.0779969502002038,0.0010664682539682539
262147,0.97,1.0,0.8,0.028199878172907533,0.0039081492131108906,0.03868648351811546,19.949098071029177,0.050532060715007085,0.08162203823947695,0.014632936507936508
262147,0.97,1.2,0.05,0.07573773572821176,-0.01218014847554346,-0.00540706686171098,4.187507162272711,0.40678974800051204,0.07737210802685288,0.0
262147,0.97,1.2,0.1,0.06492254238355608,-0.00796244370360428,0.008008664469569889,4.875241419091099,0.34938819487050404,0.07718961400986601,0.0
262147,0.97,1.2,0.2,0.049656858049901206,-0.002090244153561278,0.029408489561570647,6.6215288853860566,0.242132691931356,0.07735508727847741,7.440476190476191e-05
262147,0.97,1.2,0.4,0.03613386062399103,0.002146393141902951,0.03892561922083218,11.914279340373833,0.11815207595177507,0.07679611503364214,0.0011160714285714285
262147,0.97,1.2,0.8,0.027963379134575847,0.003041010346496605,0.03630422156412303,19.975751341729747,0.05034493724837989,0.08183123996509974,0.015128968253968254
