model,seed,return_type,method,forward,backward,zumbach
anchor,1230001,ito,gaussian_rank,0.2028736944215662,0.2004758940784215,0.00239780034314467
anchor,1270009,ito,gaussian_rank,0.23564865728103712,0.1707295068007425,0.06491915048029456
anchor,1290017,ito,gaussian_rank,0.24821160101827033,0.2304107366309993,0.01780086438727096
anchor,1310021,ito,gaussian_rank,0.23918436237926116,0.18233507647309585,0.05684928590616534
anchor,1370003,ito,gaussian_rank,0.2532330548624361,0.20512742936541958,0.048105625497016545
anchor,1230001,ito,kendall,0.1217916203757898,0.13526852361212438,-0.013476903236334584
anchor,1270009,ito,kendall,0.14897598349154964,0.11651946905295303,0.032456514438596595
anchor,1290017,ito,kendall,0.15111219989803878,0.15614703867908825,-0.0050348387810494576
anchor,1310021,ito,kendall,0.151722907867279,0.12462410853242652,0.027098799334852486
anchor,1370003,ito,kendall,0.16113629709103053,0.1410934009509471,0.02004289614008343
anchor,1230001,ito,pearson,0.2917565756010931,0.14068443740824949,0.1510721381928436
anchor,1270009,ito,pearson,0.29426467543910895,0.11064231671353647,0.1836223587255725
anchor,1290017,ito,pearson,0.32957183385094496,0.1752823560349006,0.1542894778160443
anchor,1310021,ito,pearson,0.29140445493079126,0.13260878152348257,0.15879567340730869
anchor,1370003,ito,pearson,0.2970229998895445,0.1483373649301419,0.14868563495940265
anchor,1230001,ito,spearman,0.18024013565570748,0.2014924726003795,-0.02125233694467201
anchor,1270009,ito,spearman,0.22025050307953167,0.17258613461123273,0.04766436846829893
anchor,1290017,ito,spearman,0.22258901698964081,0.23053188195553767,-0.00794286496589683
anchor,1310021,ito,spearman,0.22425600576312085,0.18576841999240548,0.038487585770715343
anchor,1370003,ito,spearman,0.23768748001153772,0.21004626338636587,0.02764121662517189
anchor,1230001,ito,trim_950,0.13614397331546219,0.141146554296811,-0.005002580981348825
anchor,1270009,ito,trim_950,0.1526655284323137,0.12712806287319736,0.025537465559116342
anchor,1290017,ito,trim_950,0.1569527239753004,0.16753603795793798,-0.010583313982637583
anchor,1310021,ito,trim_950,0.16254900436448946,0.13367620346250156,0.02887280090198792
anchor,1370003,ito,trim_950,0.19024488872490294,0.16872862003217143,0.02151626869273152
anchor,1230001,ito,trim_975,0.17114264329497977,0.14719566138223655,0.023946981912743255
anchor,1270009,ito,trim_975,0.19779774089431898,0.12172707776013418,0.07607066313418481
anchor,1290017,ito,trim_975,0.19176540882658424,0.17776101012856624,0.01400439869801801
anchor,1310021,ito,trim_975,0.20084132494537607,0.12741387271664284,0.07342745222873322
anchor,1370003,ito,trim_975,0.23427236648534652,0.18116538706719854,0.05310697941814797
anchor,1230001,ito,trim_990,0.22622116666999295,0.15225038971713317,0.07397077695285977
anchor,1270009,ito,trim_990,0.2419735786415495,0.12214078350233461,0.11983279513921491
anchor,1290017,ito,trim_990,0.25629669420239803,0.18010330707208133,0.0761933871303167
anchor,1310021,ito,trim_990,0.23814029715812804,0.13705647900706416,0.10108381815106389
anchor,1370003,ito,trim_990,0.2780221795365506,0.17740930278573402,0.1006128767508166
anchor,1230001,ito,trim_995,0.2592846143560856,0.15183054187776712,0.10745407247831845
anchor,1270009,ito,trim_995,0.2599167804755051,0.12154789061308974,0.13836888986241538
anchor,1290017,ito,trim_995,0.2933180104773804,0.1823049637837337,0.1110130466936467
anchor,1310021,ito,trim_995,0.26544441427296833,0.1352736500822632,0.13017076419070517
anchor,1370003,ito,trim_995,0.29281300804678734,0.17302108738389685,0.11979192066289052
anchor,1230001,ito,winsor_950,0.2615251503258866,0.18972062951668334,0.07180452080920327
anchor,1270009,ito,winsor_950,0.27659146173243304,0.15141977056109113,0.12517169117134191
anchor,1290017,ito,winsor_950,0.29773835800794823,0.23194993961774957,0.06578841839019867
anchor,1310021,ito,winsor_950,0.2823548447305888,0.17141207685039828,0.11094276788019052
anchor,1370003,ito,winsor_950,0.31717475252552124,0.22046246817213236,0.0967122843533889
anchor,1230001,ito,winsor_975,0.2881483539389346,0.1816528735117035,0.1064954804272311
anchor,1270009,ito,winsor_975,0.29070398601460984,0.139474507100236,0.1512294789143738
anchor,1290017,ito,winsor_975,0.3295774411509876,0.2197220061234903,0.10985543502749731
anchor,1310021,ito,winsor_975,0.296610381234373,0.16218096966909526,0.13442941156527768
anchor,1370003,ito,winsor_975,0.3262091011268924,0.20015055825917288,0.1260585428677195
anchor,1230001,ito,winsor_990,0.30340011864665273,0.16821456075666724,0.13518555788998554
anchor,1270009,ito,winsor_990,0.30113987176519524,0.1277758139044184,0.1733640578607768
anchor,1290017,ito,winsor_990,0.344648231164709,0.20150343636540496,0.14314479479930403
anchor,1310021,ito,winsor_990,0.3089619315047034,0.15340579628996812,0.15555613521473532
anchor,1370003,ito,winsor_990,0.322441290886913,0.1745003741326323,0.14794091675428064
anchor,1230001,ito,winsor_995,0.3014579370592705,0.1570913991795736,0.14436653787969686
anchor,1270009,ito,winsor_995,0.30331499403407547,0.12130070718035582,0.18201428685371962
anchor,1290017,ito,winsor_995,0.3420616911889381,0.18871837116925633,0.15334332001968176
anchor,1310021,ito,winsor_995,0.3119433211276885,0.14779343575611126,0.16414988537157724
anchor,1370003,ito,winsor_995,0.31244118439944174,0.16135923780377193,0.15108194659566979
anchor,1230001,log,gaussian_rank,0.20542162364511385,0.19832912496908273,0.007092498676031124
anchor,1270009,log,gaussian_rank,0.2384277585412253,0.16938185392047156,0.06904590462075375
anchor,1290017,log,gaussian_rank,0.2510291954012918,0.22880493133677154,0.02222426406452032
anchor,1310021,log,gaussian_rank,0.24202556613300238,0.18072342271488762,0.06130214341811476
anchor,1370003,log,gaussian_rank,0.2555613348766768,0.203452772360517,0.05210856251615978
anchor,1230001,log,kendall,0.12329555047283239,0.1336040328173417,-0.010308482344509321
anchor,1270009,log,kendall,0.15096771145449597,0.11572589323524664,0.03524181821924934
anchor,1290017,log,kendall,0.15268927300854762,0.15485968878694228,-0.0021704157783946566
anchor,1310021,log,kendall,0.15328058942036762,0.12329242664252685,0.029988162777840784
anchor,1370003,log,kendall,0.16241197684619788,0.1398630805207753,0.02254889632542256
anchor,1230001,log,pearson,0.2937992846199837,0.13915699198330722,0.1546422926366765
anchor,1270009,log,pearson,0.2971685173950261,0.10932528516194753,0.18784323223307856
anchor,1290017,log,pearson,0.33203278505534845,0.17424361811369204,0.1577891669416564
anchor,1310021,log,pearson,0.2942098606042312,0.13032884533596786,0.16388101526826337
anchor,1370003,log,pearson,0.29773403204636406,0.14607389476710322,0.15166013727926086
anchor,1230001,log,spearman,0.18244435107200546,0.19912383768574124,-0.01667948661373575
anchor,1270009,log,spearman,0.22318799793311456,0.17149939657086447,0.05168860136225009
anchor,1290017,log,spearman,0.22490950481070365,0.22871955237840538,-0.003810047567701726
anchor,1310021,log,spearman,0.2265122086761526,0.18385667548354642,0.04265553319260616
anchor,1370003,log,spearman,0.23954859698441539,0.2081909934111126,0.03135760357330276
anchor,1230001,log,trim_950,0.1375397740876285,0.13714526155860374,0.0003945125290247596
anchor,1270009,log,trim_950,0.15617541065088025,0.1254030164532157,0.03077239419766457
anchor,1290017,log,trim_950,0.1588265833410943,0.16540814017888827,-0.00658155683779396
anchor,1310021,log,trim_950,0.16474732520917768,0.13289570009073526,0.03185162511844243
anchor,1370003,log,trim_950,0.19206933190349618,0.16524719886460432,0.026822133038891877
anchor,1230001,log,trim_975,0.17434102464147172,0.14359206782056455,0.030748956820907156
anchor,1270009,log,trim_975,0.20082243403436612,0.11986359974586727,0.08095883428849883
anchor,1290017,log,trim_975,0.19332012413955715,0.17620594414241209,0.01711417999714507
anchor,1310021,log,trim_975,0.20453590562189394,0.12818095307348043,0.07635495254841351
anchor,1370003,log,trim_975,0.23875417672447113,0.1790798475108529,0.059674329213618274
anchor,1230001,log,trim_990,0.2277228477236446,0.14974235101527394,0.07798049670837066
anchor,1270009,log,trim_990,0.24636350253428083,0.12124937573926624,0.1251141267950146
anchor,1290017,log,trim_990,0.2592567979583904,0.17797727992319604,0.08127951803519434
anchor,1310021,log,trim_990,0.2409383410574424,0.1340947762387915,0.10684356481865086
anchor,1370003,log,trim_990,0.279545341452126,0.17423141202725867,0.10531392942486731
anchor,1230001,log,trim_995,0.2610905127486032,0.15001356449484693,0.11107694825375629
anchor,1270009,log,trim_995,0.2640825866925786,0.12023440554831358,0.14384818114426506
anchor,1290017,log,trim_995,0.29597680582084696,0.1813447272801443,0.11463207854070268
anchor,1310021,log,trim_995,0.2685465210130608,0.13293521537098787,0.1356113056420729
anchor,1370003,log,trim_995,0.29454655483381914,0.17038496016237661,0.12416159467144255
anchor,1230001,log,winsor_950,0.26429365273164157,0.187000048224581,0.07729360450706055
anchor,1270009,log,winsor_950,0.2809505883723651,0.14980149190027053,0.13114909647209455
anchor,1290017,log,winsor_950,0.3014909091685805,0.22936410115222713,0.07212680801635342
anchor,1310021,log,winsor_950,0.2863080272069649,0.1684560706978253,0.11785195650913957
anchor,1370003,log,winsor_950,0.31989036211882976,0.21794775045661008,0.10194261166221967
anchor,1230001,log,winsor_975,0.2914805280786455,0.1792505839528506,0.11222994412579489
anchor,1270009,log,winsor_975,0.2949255809188802,0.1378711075553536,0.1570544733635266
anchor,1290017,log,winsor_975,0.33307739909891176,0.21743771300348735,0.1156396860954244
anchor,1310021,log,winsor_975,0.30052471530508096,0.15903489933890777,0.14148981596617316
anchor,1370003,log,winsor_975,0.3283891774040798,0.19672138839011685,0.13166778901396295
anchor,1230001,log,winsor_990,0.30647897834242754,0.16614058421940267,0.14033839412302487
anchor,1270009,log,winsor_990,0.3049117952542668,0.12664619191610743,0.17826560333815938
anchor,1290017,log,winsor_990,0.3481853891286051,0.19975465649410426,0.1484307326345008
anchor,1310021,log,winsor_990,0.31229623092333675,0.15057709383140871,0.16171913709192803
anchor,1370003,log,winsor_990,0.32386651535533767,0.17163309172707006,0.15223342362826764
anchor,1230001,log,winsor_995,0.30403300089651797,0.15523621120574305,0.14879678969077492
anchor,1270009,log,winsor_995,0.30682986748387747,0.11983502373904563,0.18699484374483183
anchor,1290017,log,winsor_995,0.34531934076596166,0.18777319836983739,0.1575461423961243
anchor,1310021,log,winsor_995,0.31465482144804036,0.14498815405070922,0.1696666673973311
anchor,1370003,log,winsor_995,0.31353006471562156,0.1588755498753189,0.15465451484030263
primary,1230001,ito,gaussian_rank,0.15421516757664755,0.17332235561877424,-0.019107188042126702
primary,1270009,ito,gaussian_rank,0.19314407432539837,0.14886474908589797,0.04427932523950042
primary,1290017,ito,gaussian_rank,0.19618175579466965,0.21561057576060494,-0.019428819965935273
primary,1310021,ito,gaussian_rank,0.1957383155686797,0.17233863371825492,0.023399681850424816
primary,1370003,ito,gaussian_rank,0.20750905023936303,0.16912927461430594,0.038379775625057067
primary,1230001,ito,kendall,0.08779357345816509,0.11778244205353716,-0.029988868595372063
primary,1270009,ito,kendall,0.11698426010360374,0.0990930449222425,0.01789121518136125
primary,1290017,ito,kendall,0.11380378743337784,0.14257734065337302,-0.02877355321999518
primary,1310021,ito,kendall,0.11830296979055081,0.11572415559308181,0.002578814197469002
primary,1370003,ito,kendall,0.1281387100316568,0.11276559330535603,0.015373116726300786
primary,1230001,ito,pearson,0.25581970127149756,0.13581058985618302,0.12000911141531453
primary,1270009,ito,pearson,0.26670251367757886,0.101748932925037,0.16495358075254182
primary,1290017,ito,pearson,0.2981208826614502,0.1804569649963974,0.11766391766505278
primary,1310021,ito,pearson,0.25604886902064133,0.14003899700029632,0.11600987202034505
primary,1370003,ito,pearson,0.257684780944034,0.13654256722600683,0.12114221371802723
primary,1230001,ito,spearman,0.13072498161872556,0.17525942826482688,-0.04453444664610134
primary,1270009,ito,spearman,0.17336757730655494,0.14733639864861314,0.0260311786579418
primary,1290017,ito,spearman,0.16860417778785453,0.21139082281204322,-0.04278664502418869
primary,1310021,ito,spearman,0.1751886909223504,0.1725404688219474,0.002648222100403009
primary,1370003,ito,spearman,0.18958324616999792,0.168393901476576,0.021189344693421902
primary,1230001,ito,trim_950,0.0820311393519461,0.11718458587108366,-0.03515344651913756
primary,1270009,ito,trim_950,0.12493019062387845,0.10353579584698919,0.021394394776889248
primary,1290017,ito,trim_950,0.11408804885821729,0.16094153397028843,-0.04685348511207114
primary,1310021,ito,trim_950,0.12142757590751982,0.14144539087328212,-0.02001781496576231
primary,1370003,ito,trim_950,0.14749179708303753,0.1351030631082878,0.012388733974749745
primary,1230001,ito,trim_975,0.11935302488415417,0.12995495559259726,-0.01060193070844311
primary,1270009,ito,trim_975,0.16121310830554683,0.11194029450896038,0.04927281379658646
primary,1290017,ito,trim_975,0.152194003815178,0.16463212949379125,-0.012438125678613196
primary,1310021,ito,trim_975,0.16006515503480706,0.13896668083495137,0.02109847419985569
primary,1370003,ito,trim_975,0.1962507064321242,0.1468573309087754,0.049393375523348784
primary,1230001,ito,trim_990,0.1706782578841426,0.1361679297583303,0.034510328125812305
primary,1270009,ito,trim_990,0.20177681111321555,0.11051425835799517,0.0912625527552204
primary,1290017,ito,trim_990,0.21571274159459264,0.17709102196303572,0.038621719631556924
primary,1310021,ito,trim_990,0.21296605993670487,0.14244600713929786,0.070520052797407
primary,1370003,ito,trim_990,0.2326187514283952,0.15493411122893813,0.07768464019945706
primary,1230001,ito,trim_995,0.21152092790014276,0.1389174426137445,0.07260348528639828
primary,1270009,ito,trim_995,0.2257516281517949,0.11043137521180477,0.1153202529399901
primary,1290017,ito,trim_995,0.2561428170065208,0.18593303037135298,0.07020978663516785
primary,1310021,ito,trim_995,0.23102399941964466,0.14180890556032913,0.08921509385931552
primary,1370003,ito,trim_995,0.2463205506592436,0.15388190607776447,0.09243864458147913
primary,1230001,ito,winsor_950,0.20233773108842376,0.1703118212207814,0.032025909867642366
primary,1270009,ito,winsor_950,0.23479488765532963,0.138094783809059,0.09670010384627062
primary,1290017,ito,winsor_950,0.24747112915988875,0.2266631735369916,0.020807955622897154
primary,1310021,ito,winsor_950,0.2422584143575524,0.17688586112896398,0.06537255322858844
primary,1370003,ito,winsor_950,0.26424879332019574,0.18753479537370024,0.07671399794649544
primary,1230001,ito,winsor_975,0.23348346554285662,0.1683529425247813,0.06513052301807529
primary,1270009,ito,winsor_975,0.24960634277064653,0.1302634012558307,0.11934294151481582
primary,1290017,ito,winsor_975,0.2842661503813991,0.22030928713778547,0.06395686324361358
primary,1310021,ito,winsor_975,0.2627960277424108,0.16733908165979444,0.09545694608261637
primary,1370003,ito,winsor_975,0.27507119983353806,0.17678373148487153,0.09828746834866654
primary,1230001,ito,winsor_990,0.2591637349681728,0.15832436776418415,0.1008393672039886
primary,1270009,ito,winsor_990,0.2661309444515498,0.1185846699287316,0.14754627452281818
primary,1290017,ito,winsor_990,0.3081393706978807,0.20633684278077344,0.10180252791710728
primary,1310021,ito,winsor_990,0.2723191659750748,0.1588197889958928,0.11349937697918196
primary,1370003,ito,winsor_990,0.27760037403293647,0.15863601453771722,0.11896435949521927
primary,1230001,ito,winsor_995,0.2627691344896179,0.14895409852140545,0.11381503596821246
primary,1270009,ito,winsor_995,0.27244491473648763,0.11245005927923055,0.15999485545725708
primary,1290017,ito,winsor_995,0.30955701230618454,0.19492576956905336,0.11463124273713118
primary,1310021,ito,winsor_995,0.2710958045349121,0.15393539402170262,0.11716041051320951
primary,1370003,ito,winsor_995,0.2711538871543816,0.14803874086533075,0.12311514628905083
primary,1230001,log,gaussian_rank,0.1573263717944471,0.17182946653158737,-0.014503094737140268
primary,1270009,log,gaussian_rank,0.19741497646828693,0.14856522625695043,0.04884975021133652
primary,1290017,log,gaussian_rank,0.19990814580992525,0.21296732956343875,-0.013059183753513509
primary,1310021,log,gaussian_rank,0.20006674356444798,0.17040437174795883,0.029662371816489133
primary,1370003,log,gaussian_rank,0.21084654528174462,0.1661703829640154,0.044676162317729216
primary,1230001,log,kendall,0.09011548436037789,0.1161122148939077,-0.025996730533529813
primary,1270009,log,kendall,0.11981587805484667,0.09861546551414568,0.021200412540700972
primary,1290017,log,kendall,0.11551400249393401,0.14100411123134138,-0.025490108737407372
primary,1310021,log,kendall,0.12080943034102093,0.11440789397980068,0.006401536361220248
primary,1370003,log,kendall,0.13008327489666233,0.11107099871696974,0.019012276179692568
primary,1230001,log,pearson,0.258803746147353,0.1335151140956969,0.12528863205165608
primary,1270009,log,pearson,0.27104315842800303,0.1002746799206608,0.1707684785073422
primary,1290017,log,pearson,0.30161307992499,0.1792358876022906,0.12237719232269935
primary,1310021,log,pearson,0.2605613071028674,0.1372694427596236,0.12329186434324375
primary,1370003,log,pearson,0.2605511648544359,0.13403748454719677,0.12651368030723914
primary,1230001,log,spearman,0.1341866712889302,0.17282884773922721,-0.038642176450297036
primary,1270009,log,spearman,0.17751894729865367,0.146661712090818,0.03085723520783567
primary,1290017,log,spearman,0.17118403166106808,0.20912393549428493,-0.037939903833216854
primary,1310021,log,spearman,0.17890020201584364,0.17065803158327278,0.00824217043257084
primary,1370003,log,spearman,0.1924000086435783,0.16585719633390647,0.026542812309671843
primary,1230001,log,trim_950,0.08392532431177052,0.11371353386309531,-0.029788209551324798
primary,1270009,log,trim_950,0.13070126291795925,0.10117212384196829,0.02952913907599098
primary,1290017,log,trim_950,0.11568419455591357,0.15847678003139257,-0.042792585475478984
primary,1310021,log,trim_950,0.12350235419063917,0.13999783017659573,-0.016495475985956593
primary,1370003,log,trim_950,0.15057466133047415,0.13259365567674766,0.01798100565372648
primary,1230001,log,trim_975,0.12221961043526347,0.12576701797983939,-0.0035474075445759115
primary,1270009,log,trim_975,0.16710734955220957,0.1099208667460096,0.057186482806199965
primary,1290017,log,trim_975,0.1553761508580216,0.1608588330479307,-0.0054826821899091015
primary,1310021,log,trim_975,0.16419523343000333,0.13418013928302439,0.03001509414697895
primary,1370003,log,trim_975,0.20029681281752143,0.14474977713360476,0.05554703568391667
primary,1230001,log,trim_990,0.17574930255712945,0.1336900910383727,0.04205921151875676
primary,1270009,log,trim_990,0.20672929030438786,0.10825008699194087,0.09847920331244699
primary,1290017,log,trim_990,0.21967852844573638,0.17611569637705554,0.04356283206868083
primary,1310021,log,trim_990,0.21669845522029732,0.13907455808331992,0.0776238971369774
primary,1370003,log,trim_990,0.23713245702042476,0.1516136508965028,0.08551880612392199
primary,1230001,log,trim_995,0.21484804862382667,0.13653328907210416,0.07831475955172254
primary,1270009,log,trim_995,0.22997738330364484,0.10869531440173232,0.12128206890191257
primary,1290017,log,trim_995,0.2613128331239772,0.18528392352522444,0.07602890959875275
primary,1310021,log,trim_995,0.23509268083058613,0.13815269413103,0.0969399866995561
primary,1370003,log,trim_995,0.25024336162165134,0.15117969025707845,0.0990636713645729
primary,1230001,log,winsor_950,0.20696298504863972,0.16741458272633636,0.03954840232230335
primary,1270009,log,winsor_950,0.24090800868646825,0.13641238872604095,0.10449561996042736
primary,1290017,log,winsor_950,0.25253120324903655,0.22407050850042676,0.028460694748609818
primary,1310021,log,winsor_950,0.2480831641830258,0.17337847148061442,0.0747046927024114
primary,1370003,log,winsor_950,0.2686398277875877,0.18436824332782678,0.08427158445976092
primary,1230001,log,winsor_975,0.23829147957357547,0.1653614985310759,0.07292998104249956
primary,1270009,log,winsor_975,0.2555378930020254,0.12833678376143082,0.12720110924059458
primary,1290017,log,winsor_975,0.2895351244567361,0.21810618945875648,0.07142893499797967
primary,1310021,log,winsor_975,0.2686704918512407,0.16363913553499615,0.10503135631624456
primary,1370003,log,winsor_975,0.2794280578441739,0.17338836134456287,0.10603969649961104
primary,1230001,log,winsor_990,0.2636004492602593,0.15533443692558893,0.10826601233467031
primary,1270009,log,winsor_990,0.2717213507615143,0.11657982387093518,0.15514152689057914
primary,1290017,log,winsor_990,0.3128523391744096,0.20455189874232751,0.10830044043208203
primary,1310021,log,winsor_990,0.27745599091496087,0.15539615445804797,0.12205983645691289
primary,1370003,log,winsor_990,0.28137688778818404,0.15567786435202277,0.1256990234361613
primary,1230001,log,winsor_995,0.26635541491820347,0.14635036420479486,0.12000505071340857
primary,1270009,log,winsor_995,0.27744564663257637,0.11061962080123543,0.16682602583134093
primary,1290017,log,winsor_995,0.31388688132286724,0.19355522817791082,0.1203316531449564
primary,1310021,log,winsor_995,0.2758438585300718,0.150642738040217,0.12520112048985482
primary,1370003,log,winsor_995,0.27441893165196807,0.14525739985672323,0.12916153179524487
