structural_scenario_id,candidate_id,variant,seed_pass_fraction,mean_distance,rough_hurst,leverage_rank,zumbach_rank,excess_kurtosis,max_abs_return_acf,mean_log_variance_acf,p_cap_exceedance_fraction,passes_majority,passes_80pct,passes_all_seeds
0,18,M2,1.0,0.0,0.08444985922493778,-0.015125034284866692,0.048050203978561114,10.283326167003263,0.07756247971873154,0.20746465845280815,4.409171075837742e-05,True,True,True
1,18,M2,1.0,0.0,0.08454128282259595,-0.01486572183107052,0.05033032825121592,10.233859145551992,0.07723420500403134,0.20741220328578014,4.409171075837742e-05,True,True,True
2,18,M2,1.0,0.0,0.08440463696486014,-0.014987786133468645,0.04541962345405556,10.179238808076486,0.07695559683902571,0.2084241144259998,4.1335978835978834e-05,True,True,True
3,18,M2,1.0,0.0,0.08446981374122703,-0.014939874474976836,0.04309603920476924,10.112909938499508,0.0766625423200355,0.2092182228635687,3.8580246913580246e-05,True,True,True
3,26,M2,1.0,0.0,0.09082256133115935,-0.014274169322552075,0.05178487069415166,8.7791809757879,0.07516360909883342,0.23336297396310407,1.1022927689594355e-05,True,True,True
2,26,M2,0.8,1.96508628350184e-10,0.09074369738379273,-0.014306403511612184,0.05447449193788332,8.830827500557488,0.07543042175377997,0.2325813859659256,1.3778659611992945e-05,True,True,False
3,14,M2,0.8,8.201069915273731e-10,0.09242051916034495,-0.014005207135051722,0.05182991420059711,9.589349988634137,0.07626081751111771,0.21236424344941965,9.645061728395061e-05,True,True,False
0,14,M2,0.8,6.194351738880234e-09,0.09228333811111238,-0.014165628634900363,0.057445102328093633,9.751223476933074,0.0772745767685005,0.2105335465959289,0.00010471781305114638,True,True,False
2,14,M2,0.8,6.518021601075337e-09,0.09229780925811767,-0.014045311193899799,0.05446231574970657,9.650961836169357,0.0766410522812176,0.211547505028088,0.00010196208112874779,True,True,False
0,26,M2,0.8,6.8106802324845e-09,0.09077936347172604,-0.014400808886400898,0.057302570778591876,8.921298278000073,0.0760388054212444,0.23162684102719283,1.3778659611992945e-05,True,True,False
3,28,M2,0.8,6.184093366507154e-08,0.08704244005191174,-0.014092874933158283,0.04693489261099867,8.813778410555157,0.07490798823978988,0.2566067519722982,7.164902998236332e-05,True,True,False
1,26,M2,0.8,9.661533981626702e-08,0.09087776382805664,-0.014146659184903293,0.05933624726521308,8.889473310818634,0.07573907521589125,0.23164844950154767,1.3778659611992945e-05,True,True,False
2,28,M2,0.8,9.902199078215428e-08,0.08702438701157542,-0.014114668746752124,0.0492206918833083,8.877197033805382,0.07510785030966906,0.2558698218425574,7.716049382716049e-05,True,True,False
1,14,M2,0.8,1.2416887004828915e-07,0.09239262843082494,-0.013908469598414472,0.059507060388007994,9.711648473777556,0.07712294223080524,0.21046945882737772,0.00011298500881834215,True,True,False
0,28,M2,0.8,1.723344047187494e-07,0.08713911775152629,-0.014189879219405913,0.0516717770599841,8.96943150200353,0.07562511250287944,0.2550202335497479,7.716049382716049e-05,True,True,False
1,28,M2,0.8,3.784047970038785e-07,0.08725316078853311,-0.013949630709909192,0.05361737593411044,8.923172346559651,0.07536687620908741,0.2551947683004249,8.267195767195767e-05,True,True,False
3,4,M2,0.8,7.415786804967348e-07,0.09064753300750841,-0.013061718565533842,0.0450104808411561,9.817806803399476,0.07709115968857694,0.24133517685079048,3.0313051146384477e-05,True,True,False
2,4,M2,0.8,8.653551254761519e-07,0.09058101060887935,-0.013121968700390316,0.04731549729700678,9.886897812155702,0.07732833903287832,0.2405322085520317,3.0313051146384477e-05,True,True,False
3,12,M2,0.8,8.754808943053161e-07,0.08660799465363213,-0.01314378575525067,0.0431602195136779,9.566717298894606,0.07604606969960633,0.2519506314244665,2.204585537918871e-05,True,True,False
0,4,M2,0.8,9.025759052984796e-07,0.09063882963521391,-0.013274103304011636,0.049818297080296184,9.994426395307029,0.07789316035967805,0.23955800614940773,3.8580246913580246e-05,True,True,False
2,12,M2,0.8,9.62764783167138e-07,0.08657688494543303,-0.013181349845420288,0.045273338547806005,9.63033879613772,0.07628764177951544,0.25113938704695693,1.9290123456790123e-05,True,True,False
0,12,M2,0.8,1.0843565344039227e-06,0.086670184275192,-0.01330517854722422,0.0475987411263021,9.734456540389328,0.07689540647483091,0.2501845228290371,1.6534391534391532e-05,True,True,False
1,4,M2,0.8,1.2834962494716431e-06,0.09075161888786473,-0.013056207491984582,0.05187894663526275,9.959187790933306,0.07760258681878265,0.23960372100543745,4.1335978835978834e-05,True,True,False
1,12,M2,0.8,1.494983708467219e-06,0.08678106063649846,-0.013072193027624374,0.04961046532659373,9.707718947432193,0.07663419558302795,0.25032387391911765,1.9290123456790123e-05,True,True,False
3,2,M2,0.8,0.0003494070806300723,0.07759437177571224,-0.018822742809687713,0.052007487840129964,7.198491456202319,0.07145082656655068,0.22708789760522524,1.6534391534391532e-05,True,True,False
3,30,M2,0.8,0.00043701249392862085,0.0778806981838301,-0.01860143849762391,0.052353786697401226,7.740982432166987,0.07212014630879622,0.2053805575974784,1.1022927689594355e-05,True,True,False
2,2,M2,0.8,0.00044659184251856683,0.07761680777115015,-0.01878083336921356,0.05456878982407596,7.262556352668805,0.07153211243595517,0.22647843262909398,1.9290123456790123e-05,True,True,False
3,0,M2,0.8,0.00045179952765525045,0.0771819823879668,-0.017170750855028085,0.0436918950823131,8.484122294548618,0.07341053651422833,0.23165239780808672,1.9290123456790123e-05,True,True,False
1,2,M2,0.8,0.00048070066589998373,0.07779854085209853,-0.01842993129472493,0.05931451469466305,7.3070481447701825,0.07170837654614835,0.2258907234480946,1.9290123456790123e-05,True,True,False
3,21,M2,0.8,0.0004824967995957723,0.07828240450568172,-0.015174021202260449,0.03466668258513546,11.262883737233645,0.07765205625277453,0.20051428114909992,4.409171075837742e-05,True,True,False
3,23,M2,0.8,0.0005253083166909063,0.0775199492193432,-0.015869937613410396,0.03663864589896531,10.69907580872816,0.0766761563781746,0.20941257479637407,0.00026179453262786595,True,True,False
3,9,M2,0.8,0.000536254926367574,0.07794842843090342,-0.01644233654828043,0.03974159103306445,10.326877899027544,0.07610170445892721,0.19628122997732067,0.00010747354497354496,True,True,False
0,2,M2,0.8,0.000538206559689043,0.07774380296191429,-0.018795936554668897,0.05720764365407428,7.3527766436243525,0.0718894712232846,0.22579163646347786,1.9290123456790123e-05,True,True,False
2,30,M2,0.8,0.0005502256433347654,0.07787430414229898,-0.01856643934910626,0.054974186397433435,7.797936393442546,0.07234217964014725,0.2047475573507424,1.1022927689594355e-05,True,True,False
2,0,M2,0.8,0.0005576931060044222,0.07720731114118029,-0.01717221211283541,0.04587407610680854,8.55353299200271,0.07355236672418844,0.2309881151234133,1.9290123456790123e-05,True,True,False
1,30,M2,0.8,0.0005734333756798321,0.07802696802981485,-0.018221832397536226,0.06003424083369284,7.838669497889578,0.07267724837566511,0.2040290740710947,8.267195767195766e-06,True,True,False
3,24,M2,0.8,0.0005734643347982442,0.07738176808687916,-0.016133443822205554,0.03412455693614278,11.221093472636037,0.07774311771935813,0.20225919881259227,0.00033619929453262786,True,True,False
1,0,M2,0.8,0.0005746169380551066,0.07741013674295559,-0.01692100782960218,0.05027167037818738,8.60273718362954,0.07384812315465436,0.2303397458844568,1.9290123456790123e-05,True,True,False
1,21,M2,0.8,0.0005803936664857977,0.07842262901087368,-0.01515948053932561,0.04134847020568693,11.371442089492932,0.07815289300449554,0.19877950200935907,5.7870370370370366e-05,True,True,False
2,21,M2,0.8,0.0006028505254990289,0.07825425138345202,-0.015248793333602217,0.03658711485022643,11.32811904518702,0.07790942571677742,0.19974111940459588,5.511463844797178e-05,True,True,False
1,9,M2,0.8,0.0006350273675692111,0.07809675523857307,-0.016288876156144126,0.04684963831674036,10.425682617515326,0.0766904403842995,0.19470726934222923,0.00011298500881834215,True,True,False
1,23,M2,0.8,0.0006368104804634891,0.07773301262947278,-0.015776158574501507,0.04325885354378119,10.823759734129347,0.0771725461700682,0.2080169597690567,0.00028659611992945327,True,True,False
2,23,M2,0.8,0.0006465345937822877,0.07752140695355848,-0.015914360270845924,0.038606098410932245,10.771177687511033,0.07694438101101145,0.20874176758826044,0.0002728174603174603,True,True,False
0,30,M2,0.8,0.0006519465681905926,0.07796864035191778,-0.018580066863659064,0.057811082626038346,7.884973389450994,0.07286168298489847,0.20401690103868733,1.1022927689594355e-05,True,True,False
0,0,M2,0.8,0.0006524732844063886,0.07734488398036052,-0.017232160578028163,0.04814541881101571,8.653088287150613,0.07411702631549538,0.23023653762952914,1.9290123456790123e-05,True,True,False
2,9,M2,0.8,0.0006580944563848109,0.07792525648509836,-0.01649350443838374,0.04188332215488398,10.395209027726498,0.07640076675855367,0.19557518513919137,0.00011849647266313933,True,True,False
0,21,M2,0.8,0.0007047853154680433,0.07833503986770568,-0.015403443319700455,0.038997326797361356,11.43088189309128,0.07852096180824,0.1988272951880047,5.511463844797178e-05,True,True,False
1,24,M2,0.8,0.000705788024590344,0.07757634486711174,-0.016102408202390877,0.04073039747811595,11.343514961314106,0.07818078351317119,0.20081310519157175,0.00034171075837742505,True,True,False
2,24,M2,0.8,0.0007073894344862632,0.07737595056286647,-0.01620305553416249,0.03605813581269986,11.289811426526198,0.07800367306137024,0.20158679414688038,0.0003444664902998236,True,True,False
3,27,M2,0.8,0.0007210157140456154,0.07600551168360656,-0.016414770108187586,0.039208637255139824,9.305500025008,0.07446262748522348,0.23080712150913713,3.8580246913580246e-05,True,True,False
0,23,M2,0.8,0.0007527784428986474,0.07763725329816187,-0.016058561861094073,0.040936818157446334,10.882772918804372,0.07751464475589347,0.2079788378091873,0.0002976190476190476,True,True,False
3,20,M2,0.8,0.0007540207705191528,0.07492251814469518,-0.017755900188092866,0.04132052910893106,8.010125851189198,0.07260263331394948,0.2501311063369417,1.9290123456790123e-05,True,True,False
1,3,M2,0.8,0.0007585983328529109,0.07730487501144072,-0.014558602679958205,0.0357935660981217,12.085493910589815,0.0791880030008947,0.21136166764505676,0.00010196208112874779,True,True,False
0,9,M2,0.8,0.0007598928421423489,0.07801059993338334,-0.016588985372501613,0.04448187815552071,10.492913557662046,0.07703356834533477,0.19474621933771588,0.0001240079365079365,True,True,False
2,3,M2,0.8,0.0007870956480965577,0.07708849432830847,-0.01459731770476148,0.03151111493541912,12.052863890157374,0.07906588487090796,0.21219688265204728,8.818342151675484e-05,True,True,False
0,24,M2,0.8,0.0008269320784549218,0.07748340067461165,-0.016375752920537993,0.0383355336868165,11.404057683974456,0.07857325194969811,0.20082237960422647,0.00035824514991181656,True,True,False
2,27,M2,0.8,0.0008485247098919555,0.07603678390146264,-0.016435489130607835,0.04126705438473029,9.373910352456518,0.07464235175627636,0.23012866167306162,4.1335978835978834e-05,True,True,False
1,27,M2,0.8,0.0008534588222449985,0.07625724395939562,-0.016222569911233817,0.04549950730383717,9.4123938464702,0.07493535668570156,0.2294764036943932,4.96031746031746e-05,True,True,False
3,10,M2,0.8,0.0008564784402188121,0.07587473322874598,-0.017732265411549673,0.04016206282430017,9.5509688126379,0.07480277454858689,0.20943659992695335,0.00018187830687830687,True,True,False
2,20,M2,0.8,0.0008751250733326143,0.07497900531328604,-0.0177375341198533,0.04327242708340022,8.081380557186458,0.07269787117409789,0.24950013205070612,1.9290123456790123e-05,True,True,False
0,3,M2,0.8,0.0008979742880367063,0.07720759077210805,-0.014793511186164307,0.033572499636388656,12.151609714672146,0.07959086290278555,0.2113444796782611,9.645061728395061e-05,True,True,False
1,20,M2,0.8,0.0009135742942271545,0.07519599876343665,-0.01746161146640912,0.04731530668718183,8.125281046660898,0.072719625006282,0.2489694416752543,1.9290123456790123e-05,True,True,False
0,27,M2,0.8,0.0009583363607853539,0.07618460031541703,-0.01651005148141191,0.043355000727499635,9.473902083897311,0.07522994585755742,0.2293664858711006,4.96031746031746e-05,True,True,False
0,20,M2,0.8,0.0009859767283635751,0.07514457621099581,-0.017799270857662898,0.04523768634860434,8.178420023831311,0.07298911632096898,0.2488038672639214,1.9290123456790123e-05,True,True,False
1,10,M2,0.8,0.0009889641122124205,0.07612116804699912,-0.01750929366874299,0.046863757892872684,9.65988449541093,0.07545469181972395,0.20823801024594096,0.00019290123456790122,True,True,False
2,10,M2,0.8,0.0009978013720097667,0.0758994636668285,-0.01774828879030116,0.042278959976387843,9.621798872274722,0.07507821756564645,0.20885136665891785,0.00018463403880070547,True,True,False
0,10,M2,0.8,0.00111816823466626,0.07603836146047832,-0.017846586533816933,0.04461756521611611,9.72364494294018,0.07574198427530768,0.2081910001478761,0.00019565696649029982,True,True,False
3,8,M2,0.8,0.0011670723511707775,0.07421455530737128,-0.018369282451968026,0.041232148817631334,8.484032935079895,0.07323496026448074,0.22530293894350367,1.1022927689594355e-05,True,True,False
2,8,M2,0.8,0.001323741622206623,0.07425900903710937,-0.01838292960766875,0.043345102871864064,8.550606944924281,0.07338939001818381,0.2246960791113012,1.1022927689594355e-05,True,True,False
1,8,M2,0.8,0.0013526340594978824,0.07446611994190218,-0.01810605237275064,0.04768569204136696,8.604519282135945,0.0736854920945194,0.22409953367513152,1.3778659611992945e-05,True,True,False
0,8,M2,0.8,0.0014608562763301423,0.07441297730901716,-0.018435904350966145,0.045476594337871434,8.648768966495046,0.07393985771397868,0.2240189004735297,1.1022927689594355e-05,True,True,False
3,6,M2,0.8,0.0017414507630065727,0.07360649104617449,-0.018430887919126126,0.03802557131619767,9.966378734814612,0.07522966515620716,0.18895232265609896,5.7870370370370366e-05,True,True,False
1,6,M2,0.8,0.0019203307794678835,0.07379327800451423,-0.01820456151676225,0.04484441993546384,10.060870774808864,0.07584972583153833,0.1875470861750694,6.613756613756613e-05,True,True,False
2,6,M2,0.8,0.0019408891320438961,0.07361420316446951,-0.018459048362680038,0.04008485219798144,10.033229029771736,0.07553307910044797,0.18832811941390606,6.613756613756613e-05,True,True,False
0,6,M2,0.8,0.0021041570840263655,0.07372943949956301,-0.018528286573875938,0.04250055630350888,10.13077275200321,0.0762061235631696,0.18760950680497288,6.613756613756613e-05,True,True,False
3,22,M2,0.8,0.002360321691096905,0.0715178678972154,-0.02021490823347134,0.04143554631215148,8.663388024471683,0.07308847111533825,0.19621766746728525,2.755731922398589e-05,True,True,False
1,31,M2,0.8,0.002551446829328228,0.07203191526189959,-0.016768835505055868,0.035172182764578376,11.757678035757419,0.07793755419536588,0.19700967279010728,0.0002810846560846561,True,True,False
2,31,M2,0.8,0.002569756729363802,0.07181024133426683,-0.0169117393879031,0.0309067273051385,11.71257504404333,0.07774129278344026,0.19769325392042422,0.0002728174603174603,True,True,False
2,22,M2,0.8,0.002580589414498484,0.07155557424309258,-0.020204877794271565,0.04364892391596209,8.731881483325257,0.0733764664979613,0.19567049176748125,2.755731922398589e-05,True,True,False
1,22,M2,0.8,0.0026117612509023573,0.0717401045904394,-0.019879385322867503,0.04834291746214079,8.7627193090062,0.07375874713019913,0.19503258098129145,2.755731922398589e-05,True,True,False
0,31,M2,0.8,0.002762299802948525,0.07195385629733717,-0.017068846736941926,0.03289542243136578,11.827672815658664,0.07829524675546307,0.1970042734124337,0.0002810846560846561,True,True,False
0,22,M2,0.8,0.002768756963470673,0.07169677740186037,-0.020270119394475112,0.046059410951082194,8.83008633186762,0.07404806535115113,0.19505377605139657,2.755731922398589e-05,True,True,False
3,7,M2,0.8,0.00345360318043436,0.06924112056241996,-0.018272455883486662,0.0339812227792497,10.000401833174134,0.07450931720222469,0.2002043400045003,1.9290123456790123e-05,True,True,False
1,11,M2,0.8,0.0035599302877361927,0.06959487746138181,-0.01723122584848464,0.03533783569803972,10.963746647176645,0.07641426134472289,0.20598178112499754,9.645061728395061e-05,True,True,False
2,11,M2,0.8,0.003597303818509901,0.06935411726803223,-0.017426896318369595,0.03137668232230919,10.932659890564327,0.0761333178536578,0.20657863591106987,7.991622574955907e-05,True,True,False
1,7,M2,0.8,0.0036920024843425728,0.06949552493470117,-0.018023007893031635,0.04011411480374414,10.111922775585933,0.0751382391654297,0.19892980419520523,1.9290123456790123e-05,True,True,False
2,7,M2,0.8,0.0036977575568020752,0.06928881024456608,-0.018282520977750794,0.035865483476139236,10.076600848375776,0.074812274743889,0.19959227640937388,1.9290123456790123e-05,True,True,False
0,11,M2,0.8,0.0037880729342814647,0.06952764449080158,-0.01753771123118473,0.033083264364689835,11.03683358444153,0.07676936362538031,0.20592628417363246,8.818342151675484e-05,True,True,False
0,7,M2,0.8,0.0039017080490269056,0.06944245521002838,-0.018350712969738437,0.03785233717487003,10.184615948436186,0.07550132492742935,0.19890968412753618,1.9290123456790123e-05,True,True,False
3,16,M2,0.6,2.517168740598925e-06,0.09609757805052084,-0.0124281846273366,0.05470230577126913,8.39353586727413,0.07493539844449461,0.2633668246444573,2.204585537918871e-05,True,False,False
2,16,M2,0.6,2.746547648689035e-06,0.09600852108280541,-0.012441576062315938,0.057358748676927765,8.456725866663485,0.0751646331821029,0.26253914610395096,2.48015873015873e-05,True,False,False
0,16,M2,0.6,2.906027472900638e-06,0.09604186766070896,-0.012530600627813932,0.0601469791042654,8.559759580448967,0.07562859000604334,0.26152995649393446,3.0313051146384477e-05,True,False,False
1,16,M2,0.6,3.7702652163012064e-06,0.0961665411766397,-0.012305124090408806,0.0620455439328226,8.53745640042237,0.075380537968642,0.2616775438176801,3.0313051146384477e-05,True,False,False
3,3,M2,0.6,0.0006561474792108112,0.07708454742680834,-0.014491114219748136,0.029847643332861728,11.984027792845936,0.07878558939684423,0.2129313026673143,8.818342151675484e-05,True,False,False
3,31,M2,0.6,0.002346066066981497,0.07177617223519107,-0.016853066664532387,0.02922858356672008,11.635533718957218,0.07742521350666234,0.19830733179490642,0.0002645502645502645,True,False,False
3,11,M2,0.6,0.003365359559608546,0.06929343103985823,-0.0173692925535286,0.029682321336901175,10.858027863271959,0.07589309754762699,0.2071722533481227,7.716049382716049e-05,True,False,False
1,17,M2,0.6,0.004626922517181583,0.06818592446021181,-0.020328494145923033,0.0429477511668531,9.570380101501915,0.07450120130362688,0.17917471444092112,1.9290123456790123e-05,True,False,False
3,17,M2,0.4,0.004332248356049829,0.06796256750620125,-0.020654453773350935,0.03635120928051286,9.465895838602895,0.07375490974880564,0.18037990650438496,2.204585537918871e-05,False,False,False
2,17,M2,0.4,0.004611627446624635,0.06800507389570243,-0.020655089372807117,0.03840070628068616,9.539057394580798,0.07412591531190589,0.1798446444473819,1.9290123456790123e-05,False,False,False
0,17,M2,0.4,0.004832220764001552,0.06814650936453846,-0.020735377730836908,0.04057380391274355,9.643050115842502,0.07481266653346955,0.17924137189616982,1.9290123456790123e-05,False,False,False
1,5,M2,0.2,0.006044827602019322,0.06584960081169472,-0.020602854137863176,0.04143082257464245,9.1124822812717,0.0731302979172904,0.19465626796062604,6.613756613756613e-05,False,False,False
0,5,M2,0.2,0.006248153081120656,0.06580859832375872,-0.021026730261981735,0.03916928845038631,9.18353333366625,0.07348682496078482,0.19462027745375218,6.613756613756613e-05,False,False,False
1,29,M2,0.2,0.007136344395170423,0.06523684312120125,-0.02024240387632465,0.03529576310095839,10.733469375799066,0.07565767618430728,0.174374578774619,7.164902998236332e-05,False,False,False
0,29,M2,0.2,0.0074055784911669295,0.06519242029238301,-0.020631509544804118,0.03293768430296692,10.816455571280851,0.07597999959685355,0.17443778419589084,7.164902998236332e-05,False,False,False
1,1,M2,0.2,0.00782980364440819,0.06476555672031856,-0.020516199617481915,0.03223265543290451,11.82000442700851,0.07694341061839748,0.1595592773927898,0.0005346119929453263,False,False,False
0,1,M2,0.2,0.0080805749956235,0.06471573293927754,-0.0208830203808993,0.029891562634558732,11.914900098244223,0.07738910113008153,0.15965293429401756,0.0005318562610229277,False,False,False
3,5,M2,0.0,0.005853280081818922,0.0655527374303794,-0.02098108515706256,0.03534573178390869,9.011317923672589,0.07268239804676094,0.19561291673888548,6.062610229276895e-05,False,False,False
2,5,M2,0.0,0.006077608338742941,0.06562875111164244,-0.020967037345346485,0.037214029798167306,9.083777820711655,0.07291020727286923,0.19513132932206217,6.613756613756613e-05,False,False,False
3,29,M2,0.0,0.006976752469290458,0.06497084481622377,-0.02048933868828866,0.029391938544547025,10.63680026050576,0.07497565958059885,0.17549961032291053,6.062610229276895e-05,False,False,False
2,29,M2,0.0,0.0072219142507718645,0.06503092532110527,-0.020520413543685383,0.031150567067474228,10.711602340898088,0.07526279176824172,0.17499478179683245,6.613756613756613e-05,False,False,False
3,1,M2,0.0,0.0075494789742139344,0.06450959685377847,-0.020709740188866184,0.026579446770522475,11.700936388502393,0.07643750522950901,0.16061461195947807,0.00048776455026455025,False,False,False
2,1,M2,0.0,0.0078406378723606,0.06456385450570053,-0.020751483957561274,0.028135577540514572,11.78291699624272,0.07671209799810987,0.16015035382648585,0.0005042989417989418,False,False,False
1,15,M2,0.0,0.008865895058487797,0.06342336542360005,-0.02062246855269339,0.03412324163406343,9.738076596811116,0.07380462579327986,0.20091980193761172,2.48015873015873e-05,False,False,False
3,15,M2,0.0,0.00891309801742885,0.06310969662379139,-0.02093475002986449,0.028789230116279922,9.634297005021429,0.07345836470584918,0.20185383204372015,2.755731922398589e-05,False,False,False
2,15,M2,0.0,0.0090345964017747,0.06320314131337777,-0.020953143120907895,0.03028988462845699,9.711319729522716,0.07365854583568714,0.20138058762497613,2.48015873015873e-05,False,False,False
0,15,M2,0.0,0.00904775351523791,0.0633964459100114,-0.02102707609041747,0.031824952552190505,9.816942563888817,0.07422295312043939,0.20087972734495557,2.204585537918871e-05,False,False,False
1,13,M2,0.0,0.014982055371541961,0.060419357749236666,-0.021343735844421917,0.031033604896090194,10.832186306162566,0.07474129468609743,0.17116347137042864,0.00011298500881834215,False,False,False
0,13,M2,0.0,0.015239415713183584,0.060384089032556695,-0.021755738868391036,0.02874306790703824,10.92250221572474,0.07512940317679094,0.17119261961351967,0.00011022927689594356,False,False,False
3,13,M2,0.0,0.015312163616267388,0.060104359182513244,-0.021623362456969508,0.025636582565879983,10.734087712860694,0.07417578492324733,0.1720561986126681,9.92063492063492e-05,False,False,False
2,13,M2,0.0,0.01535923441567888,0.060195749284122343,-0.021665734603932674,0.02722364885869391,10.814748882832752,0.07451327618002335,0.17163620916730002,0.00010747354497354496,False,False,False
1,25,M2,0.0,0.015482322710297805,0.060167738147491504,-0.022540676991155893,0.03715573425704837,9.443057735404041,0.07274757498680454,0.1700806919320664,2.755731922398589e-05,False,False,False
0,25,M2,0.0,0.01566728638391383,0.06014826658759877,-0.022985929443629722,0.03484462299705275,9.526984621634428,0.0731410349046099,0.170118658414282,2.755731922398589e-05,False,False,False
3,25,M2,0.0,0.015723244284700472,0.05988465116551942,-0.022937006570130307,0.03125369404248175,9.351478576140323,0.07226924596775244,0.17098144859716272,2.755731922398589e-05,False,False,False
2,25,M2,0.0,0.015780669733389596,0.059971183702252365,-0.022920752745608973,0.03306037437023237,9.424969878875528,0.07255781459296594,0.17056283742948758,2.755731922398589e-05,False,False,False
1,19,M2,0.0,0.016338602469945954,0.0596542750384836,-0.020346367074028066,0.02620953476629174,11.04697509446145,0.07456735808819297,0.19722722529619827,0.00020116843033509698,False,False,False
0,19,M2,0.0,0.016558640655059693,0.05962560420733539,-0.020732178749246644,0.02400800932236435,11.134919386753852,0.07501973585756123,0.19716007126466592,0.00020392416225749557,False,False,False
2,19,M2,0.0,0.016828195438276527,0.059408802733931176,-0.02062778951006189,0.02276833783291537,11.022376844335833,0.07452764019084904,0.19754964900245792,0.00019290123456790122,False,False,False
3,19,M2,0.0,0.016901237117925738,0.05929132032542985,-0.020565825347787135,0.021636464752821483,10.937520462667297,0.07433153674746779,0.19794114979401276,0.00018738977072310404,False,False,False
0,18,M2+O,1.0,0.0,0.0848356717705255,-0.014731923782115214,0.04718106484162156,10.258483936073215,0.07752631311599034,0.20940926229025889,5.235890652557319e-05,True,True,True
0,30,M2+O,1.0,0.0,0.08269678670267573,-0.016346701540508123,0.05272693022155115,7.997326462838094,0.0731964224359185,0.2222013994795958,1.1022927689594355e-05,True,True,True
1,30,M2+O,1.0,0.0,0.08274121823261092,-0.016023961758244866,0.05482559388567835,7.951098631633596,0.07292610044839946,0.22200379777853244,1.1022927689594355e-05,True,True,True
2,18,M2+O,1.0,0.0,0.08478594899499695,-0.014584733136872752,0.04468985458939338,10.16752039374237,0.07692679865779248,0.21041891318000427,4.409171075837742e-05,True,True,True
2,30,M2+O,1.0,0.0,0.08263787660390733,-0.016258096106101454,0.05032043393023163,7.930302916305142,0.07306849465524627,0.22309222771997184,1.1022927689594355e-05,True,True,True
3,18,M2+O,1.0,0.0,0.08485189760890069,-0.014520979248354476,0.04254388822424156,10.109921170359272,0.07659784370294107,0.21125460673773694,3.8580246913580246e-05,True,True,True
3,30,M2+O,1.0,0.0,0.08267992410283134,-0.01623092392333005,0.04801045185419174,7.887963937662503,0.07299335755500448,0.22385837963676503,1.1022927689594355e-05,True,True,True
1,18,M2+O,0.8,9.896854754065515e-10,0.08492419415925759,-0.01449428696894319,0.049399498455048214,10.205568354173101,0.07721740168957346,0.2092843412791952,4.96031746031746e-05,True,True,False
3,0,M2+O,0.8,1.1590333481153948e-07,0.08029732226467286,-0.015452152274394402,0.041317664913117294,8.592613486469837,0.07389604136670089,0.24264892490019854,2.48015873015873e-05,True,True,False
3,28,M2+O,0.8,1.000796547647803e-06,0.08784799578449196,-0.013493148196566865,0.045999871033214776,8.821520878180763,0.07511658511083698,0.25967694691376647,7.716049382716049e-05,True,True,False
0,28,M2+O,0.8,1.1641318580672967e-06,0.08794430698156716,-0.013632422703759814,0.05056528364892813,8.955435275707266,0.07560902547526686,0.2580213113464808,7.991622574955907e-05,True,True,False
2,28,M2+O,0.8,1.1737090358132117e-06,0.0878275154084724,-0.013524944131605609,0.048230583579795545,8.8756905105684,0.07521376797996532,0.2589088408937478,7.991622574955907e-05,True,True,False
3,12,M2+O,0.8,1.4965897047420844e-06,0.08677109249066582,-0.012913211307998699,0.0427540697058879,9.562733005407011,0.07610732400866557,0.2528228688034175,2.204585537918871e-05,True,True,False
1,28,M2+O,0.8,1.6278132041176702e-06,0.08805255482929684,-0.013415799536849996,0.05248437719185535,8.90694560430312,0.0753260113786145,0.2581057347941302,8.267195767195767e-05,True,True,False
3,14,M2+O,0.8,1.6453035643327702e-06,0.09396661558574862,-0.01298557092578509,0.04977770294820848,9.60079199735661,0.07661550849623296,0.21934137551046412,9.645061728395061e-05,True,True,False
0,12,M2+O,0.8,1.674189551470781e-06,0.08683809911988102,-0.013084737822172277,0.0471752049156827,9.71982861582801,0.07681888188853295,0.25102282660319697,1.6534391534391532e-05,True,True,False
2,12,M2+O,0.8,1.6818020462753786e-06,0.08674073855234787,-0.01295463922636913,0.04485733280318231,9.622274723933163,0.07630184470704782,0.2519961870134727,1.9290123456790123e-05,True,True,False
2,14,M2+O,0.8,1.730930239126341e-06,0.09383700730743358,-0.013057167040364286,0.05229683707681574,9.646561892201918,0.07691156388053598,0.21842952424577278,0.00010196208112874779,True,True,False
0,23,M2+O,0.8,1.7317644395856296e-06,0.08213710799661637,-0.013639506571562762,0.03663727727495298,11.006846475829956,0.07813954367113536,0.2251877482842728,0.0003031305114638448,True,True,False
0,14,M2+O,0.8,1.7403091797811203e-06,0.0938231503649483,-0.01318221444547599,0.05500920069088354,9.724726929421706,0.07741452797331369,0.21729769817522807,0.00010471781305114638,True,True,False
3,23,M2+O,0.8,1.8480321710357942e-06,0.082074796464114,-0.013301058249169984,0.03337956289113877,10.88059090250124,0.07769027058645431,0.22692631881240904,0.00027832892416225746,True,True,False
2,23,M2+O,0.8,1.886402370861811e-06,0.08204680772391551,-0.013417760092892162,0.03498522535291034,10.930167379553652,0.07792964247758619,0.22611486041790835,0.00028935185185185184,True,True,False
1,12,M2+O,0.8,2.1531695276938175e-06,0.08694640343782545,-0.012870358933292358,0.04915222056170007,9.691210372357546,0.0765480921677546,0.2511169956825582,1.9290123456790123e-05,True,True,False
1,14,M2+O,0.8,2.2445815414509886e-06,0.09392972531081818,-0.012978034208381803,0.05699863116404613,9.680793002907393,0.07729399358195822,0.2171059703377393,0.00010747354497354496,True,True,False
1,23,M2+O,0.8,2.2480852925422287e-06,0.08223287264393705,-0.013436074706802198,0.03864323572217708,10.940726783590698,0.07776797977730229,0.22504570219043868,0.00031139770723104054,True,True,False
3,26,M2+O,0.8,2.248599029437062e-06,0.09313063988438504,-0.012945676247199847,0.04928810818612562,8.834864204790128,0.07570667994892291,0.24240061067600135,1.3778659611992945e-05,True,True,False
0,26,M2+O,0.8,2.4902233698923465e-06,0.09306699854059615,-0.013158091167617684,0.054174870335415716,8.93978384327131,0.07624771290661847,0.24046410215452485,1.3778659611992945e-05,True,True,False
2,26,M2+O,0.8,2.4937180695298125e-06,0.09303877388235,-0.013000034615442774,0.051726187756770584,8.87162894597537,0.0759191917569918,0.2415299801847738,1.3778659611992945e-05,True,True,False
1,26,M2+O,0.8,3.1542916678820535e-06,0.09315700910505761,-0.012939940744733416,0.056237789485561594,8.90585193901639,0.07607774376899239,0.24033284873353736,1.3778659611992945e-05,True,True,False
0,10,M2+O,0.8,3.6218658711031703e-06,0.08523785307493419,-0.013496347036167252,0.037061112337546054,10.093603173735136,0.07740667373350998,0.24084315771766135,0.00021494708994708992,True,True,False
2,10,M2+O,0.8,3.920497589689887e-06,0.08516701339487576,-0.01332304898813787,0.03554313603046915,10.026865319820367,0.07729190485589701,0.2417255035828274,0.00020943562610229276,True,True,False
3,10,M2+O,0.8,4.003138652659932e-06,0.08520595585034127,-0.013207662762219515,0.033997488451485286,9.980524108165692,0.07713974157510992,0.24249914774169373,0.0001984126984126984,True,True,False
1,10,M2+O,0.8,4.5887710726674765e-06,0.0853159949912643,-0.013296306904810071,0.03885018857219104,10.02378238502732,0.07699526800531976,0.2406673970831364,0.00020943562610229276,True,True,False
0,3,M2+O,0.8,7.188615294230767e-06,0.08232287711989508,-0.01193147709455856,0.029299945625809627,12.33195151421781,0.0804925417354344,0.23052122079362886,9.92063492063492e-05,True,True,False
2,3,M2+O,0.8,7.783338799798475e-06,0.08223882803199196,-0.011665383061923554,0.028170033110335214,12.279325377332446,0.08021280943332457,0.23157045822828498,8.818342151675484e-05,True,True,False
3,3,M2+O,0.8,8.071257578293863e-06,0.08227283953252888,-0.011502521570658286,0.026927846295635827,12.240298638761242,0.07998475726266899,0.2324664902854498,9.093915343915344e-05,True,True,False
1,3,M2+O,0.8,8.216809842597292e-06,0.08242095817371423,-0.01175008963627663,0.031166745593657636,12.258450112087724,0.08009591984511694,0.23035019864172948,0.00010196208112874779,True,True,False
2,0,M2+O,0.8,8.757831217880267e-06,0.08030186622242882,-0.015502627387295473,0.043324446981774935,8.648821995040572,0.07399204250123574,0.2419083399933711,2.48015873015873e-05,True,True,False
1,0,M2+O,0.8,1.3887952767705242e-05,0.08047388740834145,-0.015350991123377133,0.04729123889247031,8.672730237305746,0.07393090507463054,0.24099711309559968,2.755731922398589e-05,True,True,False
0,0,M2+O,0.8,2.600614460679867e-05,0.08042091417068244,-0.015643911846243926,0.045286203123374266,8.728897783253933,0.07420358094778476,0.24106582086431896,2.755731922398589e-05,True,True,False
3,9,M2+O,0.8,0.00012425156212547244,0.07966803916226022,-0.01523857480191805,0.03810969835162197,10.35424911273663,0.07635171090271811,0.20396535531691512,0.00010196208112874779,True,True,False
1,9,M2+O,0.8,0.0001906021153431111,0.07979718396673756,-0.01518789255742713,0.044441400138418706,10.409070158552066,0.07667850478581811,0.2020500317614175,0.0001212522045855379,True,True,False
2,9,M2+O,0.8,0.00019351205208594224,0.07963379754117818,-0.015291107400058518,0.04007503427598035,10.406669883849192,0.07663357625691836,0.2031651696175487,0.00011022927689594356,True,True,False
0,9,M2+O,0.8,0.00025774894395548645,0.07971477866781376,-0.015436217531565401,0.042199969199424675,10.48133827654149,0.07702609310065564,0.20222436259189758,0.00011574074074074073,True,True,False
3,2,M2+O,0.8,0.00031149407615974306,0.07768354792800827,-0.018686957951312432,0.05174152790683432,7.194684200109298,0.07148843485724009,0.2275893863267618,1.6534391534391532e-05,True,True,False
3,20,M2+O,0.8,0.0003389946060780391,0.07619582223273319,-0.016921330014389835,0.040323126463188905,8.046479375350335,0.07271707676142884,0.25443273911758446,2.204585537918871e-05,True,True,False
3,21,M2+O,0.8,0.00035184104523850335,0.07868712214114741,-0.01471403561232651,0.03415210163549712,11.259047699300767,0.0776380279965195,0.20270537940425956,4.409171075837742e-05,True,True,False
2,2,M2+O,0.8,0.0004052425353335711,0.07770565952035133,-0.018635083828097015,0.05429877902546589,7.256726382797498,0.07154818785019067,0.2269717296623206,1.9290123456790123e-05,True,True,False
2,20,M2+O,0.8,0.0004264639257735567,0.0762452714828786,-0.016934923598699747,0.04218686209508118,8.110824569182512,0.07278702532243267,0.2537755825372918,2.204585537918871e-05,True,True,False
1,2,M2+O,0.8,0.000440294226811445,0.07788516337133443,-0.01829728723314105,0.05904144399393689,7.297264498123104,0.07166494443821668,0.22633810956536954,1.9290123456790123e-05,True,True,False
1,21,M2+O,0.8,0.00044788099561967107,0.07882858568501747,-0.014747548351061842,0.040424800311517226,11.339887534946667,0.07814353408421024,0.20079806545856232,5.7870370370370366e-05,True,True,False
2,21,M2+O,0.8,0.00046155147113153134,0.07865781660745637,-0.014809222981637305,0.036045343450146476,11.314668301307362,0.07790923130302291,0.20188740194025745,5.7870370370370366e-05,True,True,False
1,20,M2+O,0.8,0.0004620398027816952,0.07644786063493977,-0.016738631027684362,0.04597217964306845,8.141917483149347,0.07275224585033599,0.25310389262146477,2.48015873015873e-05,True,True,False
0,2,M2+O,0.8,0.000493877224180828,0.07783398706016136,-0.018650635256698272,0.05693485502482036,7.344067347956771,0.07186047994663061,0.22627628707763203,1.9290123456790123e-05,True,True,False
0,20,M2+O,0.8,0.0005082167424967061,0.07640676416644585,-0.01704215251211963,0.04403914164758764,8.197865664988019,0.07303351890010092,0.2530506888564459,1.9290123456790123e-05,True,True,False
3,24,M2+O,0.8,0.000528413898681453,0.07747512230287298,-0.01595043979156933,0.03394744326780573,11.210039018379735,0.0776781416950352,0.2029413767667223,0.00033619929453262786,True,True,False
0,21,M2+O,0.8,0.0005560041370063676,0.07874293191056583,-0.014981902557197025,0.038079629116338345,11.402770710776231,0.07852442161878027,0.20092045723146817,5.7870370370370366e-05,True,True,False
3,27,M2+O,0.8,0.0005774929360690695,0.07634405676074348,-0.016051739656368795,0.03878039662988018,9.305934163492573,0.07452661868646962,0.23236081690334567,4.684744268077601e-05,True,True,False
2,24,M2+O,0.8,0.0006609989443732874,0.07746958880823096,-0.01603013120742319,0.03580388744359843,11.274399744447546,0.07793350766987502,0.202248332084742,0.0003389550264550264,True,True,False
1,24,M2+O,0.8,0.0006634380675466486,0.07767292880784707,-0.01593800368275741,0.04030908154256441,11.319612225539014,0.07812286015724786,0.20141519413160341,0.00034171075837742505,True,True,False
2,27,M2+O,0.8,0.0006962338612475111,0.07637437177550267,-0.01607165013422997,0.04073839919370828,9.368226208849295,0.07463777291057314,0.231661967831598,4.684744268077601e-05,True,True,False
1,27,M2+O,0.8,0.0007056708174137952,0.07659245210879528,-0.0159058022358369,0.044960280823775525,9.396575902257453,0.0748060918886699,0.23092104496850796,4.96031746031746e-05,True,True,False
0,24,M2+O,0.8,0.0007796657889124469,0.07758079540995375,-0.016209395066025884,0.03794396053193727,11.381479659927553,0.07852755550686155,0.20146198486774974,0.00036375661375661375,True,True,False
0,27,M2+O,0.8,0.0007986151366563613,0.07652445377037684,-0.016176052813940505,0.04291683164963074,9.459703970464327,0.0751281434932859,0.23087639456303943,5.235890652557319e-05,True,True,False
3,8,M2+O,0.8,0.0009956713886505788,0.07452484465115702,-0.01805087165533987,0.04084069815627736,8.482888962727813,0.07330024538130198,0.22673273023062573,1.1022927689594355e-05,True,True,False
3,25,M2+O,0.8,0.0010800155300146326,0.07078797063281224,-0.017235776043584717,0.025674164553998197,9.879666950252922,0.07501028977425192,0.21238348747497043,3.3068783068783064e-05,True,True,False
2,8,M2+O,0.8,0.001145564940094914,0.07456803262763465,-0.018046261683609642,0.04287315346965217,8.545509509504535,0.07342631550587828,0.22610833035403183,1.1022927689594355e-05,True,True,False
1,8,M2+O,0.8,0.0011792869021696527,0.07477106833698419,-0.017835531355104482,0.04716116421236485,8.592572139903584,0.07359380659844511,0.2254281767424442,1.3778659611992945e-05,True,True,False
2,25,M2+O,0.8,0.0012283263676242816,0.07079926141221135,-0.017309532459892363,0.026887348736968214,9.928283886706424,0.07513868975719128,0.21174736176328074,3.8580246913580246e-05,True,True,False
0,8,M2+O,0.8,0.0012764874260829087,0.07472355134064221,-0.01815281327229934,0.04502888418502567,8.637956682999922,0.07386828520014638,0.2254115822664827,1.1022927689594355e-05,True,True,False
1,25,M2+O,0.8,0.0013075778497366824,0.07090081545245239,-0.01713725822835816,0.02979392386070886,9.913020027882663,0.07473136917375298,0.21076110947547805,4.1335978835978834e-05,True,True,False
0,25,M2+O,0.8,0.0013698545920380416,0.07089262061091153,-0.01746103813470836,0.02789939017628809,9.99953871992741,0.07519031540457355,0.21104754476226034,4.1335978835978834e-05,True,True,False
3,6,M2+O,0.8,0.001412433122993896,0.07415590592537927,-0.017882535495464,0.03737209128501329,9.96180632132591,0.07525528315255993,0.19175151555969783,6.062610229276895e-05,True,True,False
1,6,M2+O,0.8,0.0015978042399892756,0.0743366177630132,-0.01773221861068852,0.04387099784688038,10.031301368885238,0.07572650241303323,0.1901582974669767,7.164902998236332e-05,True,True,False
2,6,M2+O,0.8,0.0016033973825900073,0.07416081201666733,-0.017934789956606922,0.039370977190032255,10.01932513229951,0.07549810631270353,0.19108156618539812,6.613756613756613e-05,True,True,False
0,6,M2+O,0.8,0.001760590282246712,0.07427782204899161,-0.01803933950872258,0.041512156804644734,10.104016909797574,0.07605846162724351,0.1903094022092005,6.889329805996472e-05,True,True,False
3,22,M2+O,0.8,0.002183981737651064,0.07173132214616249,-0.01994531489019945,0.04121318357338178,8.659409506516514,0.07317468113143377,0.19738194781479054,2.755731922398589e-05,True,True,False
2,22,M2+O,0.8,0.002402904317790613,0.07176795869468927,-0.01995135291126989,0.04339963609759408,8.723205692860693,0.0733448873143147,0.1968150014284889,2.755731922398589e-05,True,True,False
1,22,M2+O,0.8,0.002442124666620873,0.0719491319788315,-0.019656799326913808,0.04792626689874067,8.746249096024862,0.07365186242742146,0.1960966338617684,3.582451499118166e-05,True,True,False
1,31,M2+O,0.8,0.002465904509984076,0.07213347642438579,-0.016604676763972336,0.03479271150424998,11.734933687628907,0.07785068199593256,0.19764083589387554,0.0002728174603174603,True,True,False
2,31,M2+O,0.8,0.0024779500743223907,0.07190980780130618,-0.016705972521492283,0.030643908726618617,11.698670288959567,0.0776909880514668,0.19838412696484586,0.0002755731922398589,True,True,False
3,7,M2+O,0.8,0.002537807177927042,0.07044413841143841,-0.017336440311909677,0.0330753825544889,10.036244432388077,0.07486830619857585,0.20539117001054058,1.9290123456790123e-05,True,True,False
0,22,M2+O,0.8,0.002589336983672452,0.0719106622648505,-0.020021683282981692,0.045615611407470606,8.815111415672087,0.0739248163303114,0.19617614137336514,3.3068783068783064e-05,True,True,False
0,31,M2+O,0.8,0.0026711333626226806,0.0720565209810172,-0.016886144489655013,0.032593940721001316,11.80648614479561,0.07821449374518782,0.19767472009344705,0.0002810846560846561,True,True,False
2,7,M2+O,0.8,0.0027645888741077832,0.07048411428400339,-0.017371174732335296,0.034880575835442316,10.100370477881226,0.07502127084011641,0.20472360388762442,1.9290123456790123e-05,True,True,False
1,7,M2+O,0.8,0.0027815200106487397,0.07068051890812244,-0.017169946670218875,0.03888372175180881,10.11512385765366,0.07497652356679348,0.203877566998459,1.9290123456790123e-05,True,True,False
0,7,M2+O,0.8,0.0029537813192260344,0.07063413650923991,-0.01749475834002739,0.03670947298296913,10.191304068262506,0.07533597569509135,0.2039771991185161,1.9290123456790123e-05,True,True,False
1,11,M2+O,0.8,0.0034749187895056393,0.06966976624205871,-0.017070075593364275,0.035085934916558384,10.94655043331762,0.07631868029908648,0.20645606522884688,9.645061728395061e-05,True,True,False
2,11,M2+O,0.8,0.0035073744135144603,0.06942836779515456,-0.017257848335216742,0.031116662714148886,10.921047679565394,0.0761335813053153,0.20710113007128012,7.716049382716049e-05,True,True,False
0,11,M2+O,0.8,0.003698038426332995,0.06960428960824076,-0.017384317547989737,0.03290374767102415,11.020078540626557,0.07669514257241453,0.2064358261500025,8.818342151675484e-05,True,True,False
0,4,M2+O,0.6,1.5791817690262514e-05,0.09631805695689774,-0.010581101689873359,0.04389832190723909,10.194593553065559,0.07897917143442464,0.25923652858036167,5.235890652557319e-05,True,False,False
2,4,M2+O,0.6,1.642955292201625e-05,0.09629379405072037,-0.01035764094447284,0.04199219895460761,10.128336953177973,0.07869055626942426,0.2603965716122793,4.684744268077601e-05,True,False,False
3,4,M2+O,0.6,1.6609264436454968e-05,0.09639506567873439,-0.010239757638690426,0.04021694469970365,10.08304957563885,0.07852060503021528,0.26134528067917423,3.582451499118166e-05,True,False,False
1,4,M2+O,0.6,1.724099822376814e-05,0.09642394836717331,-0.010454526676210472,0.045791763922286365,10.14787150501868,0.07869731545787101,0.2590747969201985,5.235890652557319e-05,True,False,False
0,16,M2+O,0.6,3.3626304738128117e-05,0.10530325520890398,-0.008973355742144052,0.05117666236557065,8.945789110138321,0.07756080521949797,0.2895700819514526,4.1335978835978834e-05,True,False,False
1,16,M2+O,0.6,3.573003705273181e-05,0.1054152358815383,-0.00886940195868967,0.052698483339851034,8.909528169295815,0.077264362835534,0.2894710679703824,3.8580246913580246e-05,True,False,False
3,31,M2+O,0.6,0.0022524008837536014,0.07187574705880628,-0.01663045881492121,0.028956436846255935,11.626409952960838,0.07742848153546034,0.1990172901269856,0.00026179453262786595,True,False,False
3,11,M2+O,0.6,0.00327430927461759,0.06936743361685789,-0.017208078961211036,0.029434432003508197,10.850141617390248,0.07590770710456973,0.2077066286666127,7.991622574955907e-05,True,False,False
2,17,M2+O,0.6,0.004515799386371722,0.06808051347261722,-0.020497956352369222,0.03812710785533737,9.5298999590319,0.07406229309116574,0.18038572989286944,1.9290123456790123e-05,True,False,False
1,17,M2+O,0.6,0.0045404002641641185,0.06826010091587006,-0.020211477761263634,0.04262345893802416,9.555488783266842,0.07440969609553783,0.1796620751224689,1.9290123456790123e-05,True,False,False
0,17,M2+O,0.6,0.0047394043968720856,0.06822360761905107,-0.020586890960143194,0.04032433024151155,9.629452213790518,0.07471387167662276,0.17976752748782482,1.9290123456790123e-05,True,False,False
2,16,M2+O,0.4,3.428968267267335e-05,0.10533910574207812,-0.00881487785804566,0.04897953124512997,8.878128492449061,0.07754339031001456,0.29076343880013555,4.1335978835978834e-05,False,False,False
3,16,M2+O,0.4,3.498710116680621e-05,0.10548709804530451,-0.008708552104145702,0.046868481823741634,8.831472940980841,0.0774823368737995,0.29173173734730645,3.3068783068783064e-05,False,False,False
3,17,M2+O,0.4,0.00423051338151738,0.06803822715509618,-0.020492212077997587,0.03613871872186038,9.460032063478744,0.07378265084762316,0.1809344702250109,2.204585537918871e-05,False,False,False
3,29,M2+O,0.2,0.0053592704675576135,0.06615769130944785,-0.019476361953356388,0.02837801857034858,10.654030386107843,0.07533711801888818,0.1810773576440999,6.338183421516755e-05,False,False,False
1,29,M2+O,0.2,0.005654154533131109,0.06640610476126545,-0.019338891826355595,0.03389632605448709,10.717027332992057,0.07549435976629831,0.1796859441359417,7.164902998236332e-05,False,False,False
2,29,M2+O,0.2,0.005655617284760878,0.06621006673993482,-0.019548100672083707,0.02993670302630147,10.715398073509528,0.07553442079450859,0.1805062574680094,6.338183421516755e-05,False,False,False
1,5,M2+O,0.2,0.005740447757576602,0.06607705230877944,-0.020355015924962104,0.04101184820459688,9.095534978356971,0.07306818688377914,0.19576189617578063,6.338183421516755e-05,False,False,False
0,29,M2+O,0.2,0.005870303138706183,0.06636843359935238,-0.01969724969130098,0.031668932208975244,10.802467747128613,0.07590491292511674,0.17987330435249366,6.338183421516755e-05,False,False,False
0,5,M2+O,0.2,0.005925841342256875,0.06604062323329618,-0.020756806828494307,0.03885278156433814,9.167168762872176,0.07340774652828834,0.19578498011218365,6.613756613756613e-05,False,False,False
1,1,M2+O,0.2,0.007399375809849627,0.06504505981481944,-0.020190538758779564,0.031601318463200676,11.783218841677328,0.07688092075102641,0.16109725926698013,0.000529100529100529,False,False,False
0,1,M2+O,0.2,0.007625961455394341,0.06499737866132396,-0.02053938077761497,0.029281593261992346,11.879221489921637,0.0773045039376026,0.1612581375452838,0.0005483906525573192,False,False,False
3,5,M2+O,0.0,0.005494853959308777,0.0657842255186112,-0.02068386224191778,0.03499957011324188,9.004926222633136,0.07281817493731443,0.19681121850464695,6.062610229276895e-05,False,False,False
2,5,M2+O,0.0,0.005739050302476905,0.06585927459750929,-0.020682420822725887,0.036871872380476484,9.073060164876722,0.0729625381971336,0.19631309865312915,6.338183421516755e-05,False,False,False
3,1,M2+O,0.0,0.007051244799417676,0.06479045373052097,-0.020331222609269912,0.02591009276649584,11.684701421234605,0.07643611185774965,0.16229938723290505,0.0005042989417989418,False,False,False
3,15,M2+O,0.0,0.007269808179590703,0.06400878987381817,-0.020160073418107674,0.02816759234417444,9.658032031504911,0.07373514181642792,0.20561607646705862,2.755731922398589e-05,False,False,False
2,1,M2+O,0.0,0.0073703871995720715,0.06484298887743974,-0.02039354326140999,0.027533898708270325,11.758704005657117,0.07672340898648866,0.16179695379894637,0.0005125661375661375,False,False,False
1,15,M2+O,0.0,0.007373583786448044,0.06430701888342624,-0.019939260928626225,0.03320726765330698,9.738249976688717,0.07377126150801228,0.20451027805075322,2.755731922398589e-05,False,False,False
2,15,M2+O,0.0,0.007441380570846488,0.06409714612124977,-0.020207182953218505,0.029613472038524446,9.725417823858905,0.07384062667753967,0.20511066517600254,2.48015873015873e-05,False,False,False
0,15,M2+O,0.0,0.007520623105345311,0.06428831837078403,-0.020314326110958358,0.03106575535787689,9.818533625051995,0.07413989670482428,0.20457518382255474,3.0313051146384477e-05,False,False,False
3,13,M2+O,0.0,0.007529404443066448,0.06371163496853037,-0.01921853172075834,0.023675996564467894,10.86236719148027,0.07508973048622006,0.18716719306938817,0.00010196208112874779,False,False,False
1,13,M2+O,0.0,0.007702100937344564,0.06397290803445117,-0.019102489717000785,0.02813766787993785,10.916298322775402,0.07508517489201207,0.18584915905972332,0.0001267636684303351,False,False,False
2,13,M2+O,0.0,0.007744516391097735,0.06377863208966042,-0.01930133643389247,0.024867397715905723,10.924241064318794,0.0752144995307559,0.18663324047370822,0.00011298500881834215,False,False,False
0,13,M2+O,0.0,0.007871352364626282,0.06394512650811485,-0.019458753088940406,0.026090106761527225,11.007427601838051,0.07556327125825295,0.18606107868162042,0.0001212522045855379,False,False,False
1,19,M2+O,0.0,0.009784515075826887,0.06247749114751462,-0.018529981568389284,0.024278552246978675,11.126908223100802,0.07482682482466954,0.20772675943935992,0.00019290123456790122,False,False,False
3,19,M2+O,0.0,0.009938589217223768,0.0621523103739525,-0.018601907533460464,0.02038950535625528,11.05423427875228,0.07489063563501623,0.208726735652332,0.00017912257495590828,False,False,False
0,19,M2+O,0.0,0.009940662327432724,0.062454217591556914,-0.018856862070594282,0.022312125532252213,11.217357639698458,0.07530539671739606,0.20781557337894344,0.00020943562610229276,False,False,False
2,19,M2+O,0.0,0.010007259338199527,0.06225305662674143,-0.018706077928478403,0.02141515483878758,11.124842130245169,0.07501440664840217,0.20827278102808794,0.00018738977072310404,False,False,False
0,18,M3,1.0,0.0,0.08444985922493778,-0.015125034284866692,0.048050203978561114,10.283326167003263,0.07756247971873154,0.20746465845280815,4.409171075837742e-05,True,True,True
1,18,M3,1.0,0.0,0.08454128282259595,-0.01486572183107052,0.05033032825121592,10.233859145551992,0.07723420500403134,0.20741220328578014,4.409171075837742e-05,True,True,True
2,18,M3,1.0,0.0,0.08440463696486014,-0.014987786133468645,0.04541962345405556,10.179238808076486,0.07695559683902571,0.2084241144259998,4.1335978835978834e-05,True,True,True
3,18,M3,1.0,0.0,0.08446981374122703,-0.014939874474976836,0.04309603920476924,10.112909938499508,0.0766625423200355,0.2092182228635687,3.8580246913580246e-05,True,True,True
3,26,M3,1.0,0.0,0.09082256133115935,-0.014274169322552075,0.05178487069415166,8.7791809757879,0.07516360909883342,0.23336297396310407,1.1022927689594355e-05,True,True,True
2,26,M3,0.8,1.96508628350184e-10,0.09074369738379273,-0.014306403511612184,0.05447449193788332,8.830827500557488,0.07543042175377997,0.2325813859659256,1.3778659611992945e-05,True,True,False
3,14,M3,0.8,8.201069915273731e-10,0.09242051916034495,-0.014005207135051722,0.05182991420059711,9.589349988634137,0.07626081751111771,0.21236424344941965,9.645061728395061e-05,True,True,False
0,14,M3,0.8,6.194351738880234e-09,0.09228333811111238,-0.014165628634900363,0.057445102328093633,9.751223476933074,0.0772745767685005,0.2105335465959289,0.00010471781305114638,True,True,False
2,14,M3,0.8,6.518021601075337e-09,0.09229780925811767,-0.014045311193899799,0.05446231574970657,9.650961836169357,0.0766410522812176,0.211547505028088,0.00010196208112874779,True,True,False
0,26,M3,0.8,6.8106802324845e-09,0.09077936347172604,-0.014400808886400898,0.057302570778591876,8.921298278000073,0.0760388054212444,0.23162684102719283,1.3778659611992945e-05,True,True,False
3,28,M3,0.8,6.184093366507154e-08,0.08704244005191174,-0.014092874933158283,0.04693489261099867,8.813778410555157,0.07490798823978988,0.2566067519722982,7.164902998236332e-05,True,True,False
1,26,M3,0.8,9.661533981626702e-08,0.09087776382805664,-0.014146659184903293,0.05933624726521308,8.889473310818634,0.07573907521589125,0.23164844950154767,1.3778659611992945e-05,True,True,False
2,28,M3,0.8,9.902199078215428e-08,0.08702438701157542,-0.014114668746752124,0.0492206918833083,8.877197033805382,0.07510785030966906,0.2558698218425574,7.716049382716049e-05,True,True,False
1,14,M3,0.8,1.2416887004828915e-07,0.09239262843082494,-0.013908469598414472,0.059507060388007994,9.711648473777556,0.07712294223080524,0.21046945882737772,0.00011298500881834215,True,True,False
0,28,M3,0.8,1.723344047187494e-07,0.08713911775152629,-0.014189879219405913,0.0516717770599841,8.96943150200353,0.07562511250287944,0.2550202335497479,7.716049382716049e-05,True,True,False
1,28,M3,0.8,3.784047970038785e-07,0.08725316078853311,-0.013949630709909192,0.05361737593411044,8.923172346559651,0.07536687620908741,0.2551947683004249,8.267195767195767e-05,True,True,False
3,4,M3,0.8,7.415786804967348e-07,0.09064753300750841,-0.013061718565533842,0.0450104808411561,9.817806803399476,0.07709115968857694,0.24133517685079048,3.0313051146384477e-05,True,True,False
2,4,M3,0.8,8.653551254761519e-07,0.09058101060887935,-0.013121968700390316,0.04731549729700678,9.886897812155702,0.07732833903287832,0.2405322085520317,3.0313051146384477e-05,True,True,False
3,12,M3,0.8,8.754808943053161e-07,0.08660799465363213,-0.01314378575525067,0.0431602195136779,9.566717298894606,0.07604606969960633,0.2519506314244665,2.204585537918871e-05,True,True,False
0,4,M3,0.8,9.025759052984796e-07,0.09063882963521391,-0.013274103304011636,0.049818297080296184,9.994426395307029,0.07789316035967805,0.23955800614940773,3.8580246913580246e-05,True,True,False
2,12,M3,0.8,9.62764783167138e-07,0.08657688494543303,-0.013181349845420288,0.045273338547806005,9.63033879613772,0.07628764177951544,0.25113938704695693,1.9290123456790123e-05,True,True,False
0,12,M3,0.8,1.0843565344039227e-06,0.086670184275192,-0.01330517854722422,0.0475987411263021,9.734456540389328,0.07689540647483091,0.2501845228290371,1.6534391534391532e-05,True,True,False
1,4,M3,0.8,1.2834962494716431e-06,0.09075161888786473,-0.013056207491984582,0.05187894663526275,9.959187790933306,0.07760258681878265,0.23960372100543745,4.1335978835978834e-05,True,True,False
1,12,M3,0.8,1.494983708467219e-06,0.08678106063649846,-0.013072193027624374,0.04961046532659373,9.707718947432193,0.07663419558302795,0.25032387391911765,1.9290123456790123e-05,True,True,False
3,2,M3,0.8,0.0003494070806300723,0.07759437177571224,-0.018822742809687713,0.052007487840129964,7.198491456202319,0.07145082656655068,0.22708789760522524,1.6534391534391532e-05,True,True,False
3,30,M3,0.8,0.00043701249392862085,0.0778806981838301,-0.01860143849762391,0.052353786697401226,7.740982432166987,0.07212014630879622,0.2053805575974784,1.1022927689594355e-05,True,True,False
2,2,M3,0.8,0.00044659184251856683,0.07761680777115015,-0.01878083336921356,0.05456878982407596,7.262556352668805,0.07153211243595517,0.22647843262909398,1.9290123456790123e-05,True,True,False
3,0,M3,0.8,0.00045179952765525045,0.0771819823879668,-0.017170750855028085,0.0436918950823131,8.484122294548618,0.07341053651422833,0.23165239780808672,1.9290123456790123e-05,True,True,False
1,2,M3,0.8,0.00048070066589998373,0.07779854085209853,-0.01842993129472493,0.05931451469466305,7.3070481447701825,0.07170837654614835,0.2258907234480946,1.9290123456790123e-05,True,True,False
3,21,M3,0.8,0.0004824967995957723,0.07828240450568172,-0.015174021202260449,0.03466668258513546,11.262883737233645,0.07765205625277453,0.20051428114909992,4.409171075837742e-05,True,True,False
3,23,M3,0.8,0.0005253083166909063,0.0775199492193432,-0.015869937613410396,0.03663864589896531,10.69907580872816,0.0766761563781746,0.20941257479637407,0.00026179453262786595,True,True,False
3,9,M3,0.8,0.000536254926367574,0.07794842843090342,-0.01644233654828043,0.03974159103306445,10.326877899027544,0.07610170445892721,0.19628122997732067,0.00010747354497354496,True,True,False
0,2,M3,0.8,0.000538206559689043,0.07774380296191429,-0.018795936554668897,0.05720764365407428,7.3527766436243525,0.0718894712232846,0.22579163646347786,1.9290123456790123e-05,True,True,False
2,30,M3,0.8,0.0005502256433347654,0.07787430414229898,-0.01856643934910626,0.054974186397433435,7.797936393442546,0.07234217964014725,0.2047475573507424,1.1022927689594355e-05,True,True,False
2,0,M3,0.8,0.0005576931060044222,0.07720731114118029,-0.01717221211283541,0.04587407610680854,8.55353299200271,0.07355236672418844,0.2309881151234133,1.9290123456790123e-05,True,True,False
1,30,M3,0.8,0.0005734333756798321,0.07802696802981485,-0.018221832397536226,0.06003424083369284,7.838669497889578,0.07267724837566511,0.2040290740710947,8.267195767195766e-06,True,True,False
3,24,M3,0.8,0.0005734643347982442,0.07738176808687916,-0.016133443822205554,0.03412455693614278,11.221093472636037,0.07774311771935813,0.20225919881259227,0.00033619929453262786,True,True,False
1,0,M3,0.8,0.0005746169380551066,0.07741013674295559,-0.01692100782960218,0.05027167037818738,8.60273718362954,0.07384812315465436,0.2303397458844568,1.9290123456790123e-05,True,True,False
1,21,M3,0.8,0.0005803936664857977,0.07842262901087368,-0.01515948053932561,0.04134847020568693,11.371442089492932,0.07815289300449554,0.19877950200935907,5.7870370370370366e-05,True,True,False
2,21,M3,0.8,0.0006028505254990289,0.07825425138345202,-0.015248793333602217,0.03658711485022643,11.32811904518702,0.07790942571677742,0.19974111940459588,5.511463844797178e-05,True,True,False
1,9,M3,0.8,0.0006350273675692111,0.07809675523857307,-0.016288876156144126,0.04684963831674036,10.425682617515326,0.0766904403842995,0.19470726934222923,0.00011298500881834215,True,True,False
1,23,M3,0.8,0.0006368104804634891,0.07773301262947278,-0.015776158574501507,0.04325885354378119,10.823759734129347,0.0771725461700682,0.2080169597690567,0.00028659611992945327,True,True,False
2,23,M3,0.8,0.0006465345937822877,0.07752140695355848,-0.015914360270845924,0.038606098410932245,10.771177687511033,0.07694438101101145,0.20874176758826044,0.0002728174603174603,True,True,False
0,30,M3,0.8,0.0006519465681905926,0.07796864035191778,-0.018580066863659064,0.057811082626038346,7.884973389450994,0.07286168298489847,0.20401690103868733,1.1022927689594355e-05,True,True,False
0,0,M3,0.8,0.0006524732844063886,0.07734488398036052,-0.017232160578028163,0.04814541881101571,8.653088287150613,0.07411702631549538,0.23023653762952914,1.9290123456790123e-05,True,True,False
2,9,M3,0.8,0.0006580944563848109,0.07792525648509836,-0.01649350443838374,0.04188332215488398,10.395209027726498,0.07640076675855367,0.19557518513919137,0.00011849647266313933,True,True,False
0,21,M3,0.8,0.0007047853154680433,0.07833503986770568,-0.015403443319700455,0.038997326797361356,11.43088189309128,0.07852096180824,0.1988272951880047,5.511463844797178e-05,True,True,False
1,24,M3,0.8,0.000705788024590344,0.07757634486711174,-0.016102408202390877,0.04073039747811595,11.343514961314106,0.07818078351317119,0.20081310519157175,0.00034171075837742505,True,True,False
2,24,M3,0.8,0.0007073894344862632,0.07737595056286647,-0.01620305553416249,0.03605813581269986,11.289811426526198,0.07800367306137024,0.20158679414688038,0.0003444664902998236,True,True,False
3,27,M3,0.8,0.0007210157140456154,0.07600551168360656,-0.016414770108187586,0.039208637255139824,9.305500025008,0.07446262748522348,0.23080712150913713,3.8580246913580246e-05,True,True,False
0,23,M3,0.8,0.0007527784428986474,0.07763725329816187,-0.016058561861094073,0.040936818157446334,10.882772918804372,0.07751464475589347,0.2079788378091873,0.0002976190476190476,True,True,False
3,20,M3,0.8,0.0007540207705191528,0.07492251814469518,-0.017755900188092866,0.04132052910893106,8.010125851189198,0.07260263331394948,0.2501311063369417,1.9290123456790123e-05,True,True,False
1,3,M3,0.8,0.0007585983328529109,0.07730487501144072,-0.014558602679958205,0.0357935660981217,12.085493910589815,0.0791880030008947,0.21136166764505676,0.00010196208112874779,True,True,False
0,9,M3,0.8,0.0007598928421423489,0.07801059993338334,-0.016588985372501613,0.04448187815552071,10.492913557662046,0.07703356834533477,0.19474621933771588,0.0001240079365079365,True,True,False
2,3,M3,0.8,0.0007870956480965577,0.07708849432830847,-0.01459731770476148,0.03151111493541912,12.052863890157374,0.07906588487090796,0.21219688265204728,8.818342151675484e-05,True,True,False
0,24,M3,0.8,0.0008269320784549218,0.07748340067461165,-0.016375752920537993,0.0383355336868165,11.404057683974456,0.07857325194969811,0.20082237960422647,0.00035824514991181656,True,True,False
2,27,M3,0.8,0.0008485247098919555,0.07603678390146264,-0.016435489130607835,0.04126705438473029,9.373910352456518,0.07464235175627636,0.23012866167306162,4.1335978835978834e-05,True,True,False
1,27,M3,0.8,0.0008534588222449985,0.07625724395939562,-0.016222569911233817,0.04549950730383717,9.4123938464702,0.07493535668570156,0.2294764036943932,4.96031746031746e-05,True,True,False
3,10,M3,0.8,0.0008564784402188121,0.07587473322874598,-0.017732265411549673,0.04016206282430017,9.5509688126379,0.07480277454858689,0.20943659992695335,0.00018187830687830687,True,True,False
2,20,M3,0.8,0.0008751250733326143,0.07497900531328604,-0.0177375341198533,0.04327242708340022,8.081380557186458,0.07269787117409789,0.24950013205070612,1.9290123456790123e-05,True,True,False
0,3,M3,0.8,0.0008979742880367063,0.07720759077210805,-0.014793511186164307,0.033572499636388656,12.151609714672146,0.07959086290278555,0.2113444796782611,9.645061728395061e-05,True,True,False
1,20,M3,0.8,0.0009135742942271545,0.07519599876343665,-0.01746161146640912,0.04731530668718183,8.125281046660898,0.072719625006282,0.2489694416752543,1.9290123456790123e-05,True,True,False
0,27,M3,0.8,0.0009583363607853539,0.07618460031541703,-0.01651005148141191,0.043355000727499635,9.473902083897311,0.07522994585755742,0.2293664858711006,4.96031746031746e-05,True,True,False
0,20,M3,0.8,0.0009859767283635751,0.07514457621099581,-0.017799270857662898,0.04523768634860434,8.178420023831311,0.07298911632096898,0.2488038672639214,1.9290123456790123e-05,True,True,False
1,10,M3,0.8,0.0009889641122124205,0.07612116804699912,-0.01750929366874299,0.046863757892872684,9.65988449541093,0.07545469181972395,0.20823801024594096,0.00019290123456790122,True,True,False
2,10,M3,0.8,0.0009978013720097667,0.0758994636668285,-0.01774828879030116,0.042278959976387843,9.621798872274722,0.07507821756564645,0.20885136665891785,0.00018463403880070547,True,True,False
0,10,M3,0.8,0.00111816823466626,0.07603836146047832,-0.017846586533816933,0.04461756521611611,9.72364494294018,0.07574198427530768,0.2081910001478761,0.00019565696649029982,True,True,False
3,8,M3,0.8,0.0011670723511707775,0.07421455530737128,-0.018369282451968026,0.041232148817631334,8.484032935079895,0.07323496026448074,0.22530293894350367,1.1022927689594355e-05,True,True,False
2,8,M3,0.8,0.001323741622206623,0.07425900903710937,-0.01838292960766875,0.043345102871864064,8.550606944924281,0.07338939001818381,0.2246960791113012,1.1022927689594355e-05,True,True,False
1,8,M3,0.8,0.0013526340594978824,0.07446611994190218,-0.01810605237275064,0.04768569204136696,8.604519282135945,0.0736854920945194,0.22409953367513152,1.3778659611992945e-05,True,True,False
0,8,M3,0.8,0.0014608562763301423,0.07441297730901716,-0.018435904350966145,0.045476594337871434,8.648768966495046,0.07393985771397868,0.2240189004735297,1.1022927689594355e-05,True,True,False
3,6,M3,0.8,0.0017414507630065727,0.07360649104617449,-0.018430887919126126,0.03802557131619767,9.966378734814612,0.07522966515620716,0.18895232265609896,5.7870370370370366e-05,True,True,False
1,6,M3,0.8,0.0019203307794678835,0.07379327800451423,-0.01820456151676225,0.04484441993546384,10.060870774808864,0.07584972583153833,0.1875470861750694,6.613756613756613e-05,True,True,False
2,6,M3,0.8,0.0019408891320438961,0.07361420316446951,-0.018459048362680038,0.04008485219798144,10.033229029771736,0.07553307910044797,0.18832811941390606,6.613756613756613e-05,True,True,False
0,6,M3,0.8,0.0021041570840263655,0.07372943949956301,-0.018528286573875938,0.04250055630350888,10.13077275200321,0.0762061235631696,0.18760950680497288,6.613756613756613e-05,True,True,False
3,22,M3,0.8,0.002360321691096905,0.0715178678972154,-0.02021490823347134,0.04143554631215148,8.663388024471683,0.07308847111533825,0.19621766746728525,2.755731922398589e-05,True,True,False
1,31,M3,0.8,0.002551446829328228,0.07203191526189959,-0.016768835505055868,0.035172182764578376,11.757678035757419,0.07793755419536588,0.19700967279010728,0.0002810846560846561,True,True,False
2,31,M3,0.8,0.002569756729363802,0.07181024133426683,-0.0169117393879031,0.0309067273051385,11.71257504404333,0.07774129278344026,0.19769325392042422,0.0002728174603174603,True,True,False
2,22,M3,0.8,0.002580589414498484,0.07155557424309258,-0.020204877794271565,0.04364892391596209,8.731881483325257,0.0733764664979613,0.19567049176748125,2.755731922398589e-05,True,True,False
1,22,M3,0.8,0.0026117612509023573,0.0717401045904394,-0.019879385322867503,0.04834291746214079,8.7627193090062,0.07375874713019913,0.19503258098129145,2.755731922398589e-05,True,True,False
0,31,M3,0.8,0.002762299802948525,0.07195385629733717,-0.017068846736941926,0.03289542243136578,11.827672815658664,0.07829524675546307,0.1970042734124337,0.0002810846560846561,True,True,False
0,22,M3,0.8,0.002768756963470673,0.07169677740186037,-0.020270119394475112,0.046059410951082194,8.83008633186762,0.07404806535115113,0.19505377605139657,2.755731922398589e-05,True,True,False
3,7,M3,0.8,0.00345360318043436,0.06924112056241996,-0.018272455883486662,0.0339812227792497,10.000401833174134,0.07450931720222469,0.2002043400045003,1.9290123456790123e-05,True,True,False
1,11,M3,0.8,0.0035599302877361927,0.06959487746138181,-0.01723122584848464,0.03533783569803972,10.963746647176645,0.07641426134472289,0.20598178112499754,9.645061728395061e-05,True,True,False
2,11,M3,0.8,0.003597303818509901,0.06935411726803223,-0.017426896318369595,0.03137668232230919,10.932659890564327,0.0761333178536578,0.20657863591106987,7.991622574955907e-05,True,True,False
1,7,M3,0.8,0.0036920024843425728,0.06949552493470117,-0.018023007893031635,0.04011411480374414,10.111922775585933,0.0751382391654297,0.19892980419520523,1.9290123456790123e-05,True,True,False
2,7,M3,0.8,0.0036977575568020752,0.06928881024456608,-0.018282520977750794,0.035865483476139236,10.076600848375776,0.074812274743889,0.19959227640937388,1.9290123456790123e-05,True,True,False
0,11,M3,0.8,0.0037880729342814647,0.06952764449080158,-0.01753771123118473,0.033083264364689835,11.03683358444153,0.07676936362538031,0.20592628417363246,8.818342151675484e-05,True,True,False
0,7,M3,0.8,0.0039017080490269056,0.06944245521002838,-0.018350712969738437,0.03785233717487003,10.184615948436186,0.07550132492742935,0.19890968412753618,1.9290123456790123e-05,True,True,False
3,16,M3,0.6,2.517168740598925e-06,0.09609757805052084,-0.0124281846273366,0.05470230577126913,8.39353586727413,0.07493539844449461,0.2633668246444573,2.204585537918871e-05,True,False,False
2,16,M3,0.6,2.746547648689035e-06,0.09600852108280541,-0.012441576062315938,0.057358748676927765,8.456725866663485,0.0751646331821029,0.26253914610395096,2.48015873015873e-05,True,False,False
0,16,M3,0.6,2.906027472900638e-06,0.09604186766070896,-0.012530600627813932,0.0601469791042654,8.559759580448967,0.07562859000604334,0.26152995649393446,3.0313051146384477e-05,True,False,False
1,16,M3,0.6,3.7702652163012064e-06,0.0961665411766397,-0.012305124090408806,0.0620455439328226,8.53745640042237,0.075380537968642,0.2616775438176801,3.0313051146384477e-05,True,False,False
3,3,M3,0.6,0.0006561474792108112,0.07708454742680834,-0.014491114219748136,0.029847643332861728,11.984027792845936,0.07878558939684423,0.2129313026673143,8.818342151675484e-05,True,False,False
3,31,M3,0.6,0.002346066066981497,0.07177617223519107,-0.016853066664532387,0.02922858356672008,11.635533718957218,0.07742521350666234,0.19830733179490642,0.0002645502645502645,True,False,False
3,11,M3,0.6,0.003365359559608546,0.06929343103985823,-0.0173692925535286,0.029682321336901175,10.858027863271959,0.07589309754762699,0.2071722533481227,7.716049382716049e-05,True,False,False
1,17,M3,0.6,0.004626922517181583,0.06818592446021181,-0.020328494145923033,0.0429477511668531,9.570380101501915,0.07450120130362688,0.17917471444092112,1.9290123456790123e-05,True,False,False
3,17,M3,0.4,0.004332248356049829,0.06796256750620125,-0.020654453773350935,0.03635120928051286,9.465895838602895,0.07375490974880564,0.18037990650438496,2.204585537918871e-05,False,False,False
2,17,M3,0.4,0.004611627446624635,0.06800507389570243,-0.020655089372807117,0.03840070628068616,9.539057394580798,0.07412591531190589,0.1798446444473819,1.9290123456790123e-05,False,False,False
0,17,M3,0.4,0.004832220764001552,0.06814650936453846,-0.020735377730836908,0.04057380391274355,9.643050115842502,0.07481266653346955,0.17924137189616982,1.9290123456790123e-05,False,False,False
1,5,M3,0.2,0.006044827602019322,0.06584960081169472,-0.020602854137863176,0.04143082257464245,9.1124822812717,0.0731302979172904,0.19465626796062604,6.613756613756613e-05,False,False,False
0,5,M3,0.2,0.006248153081120656,0.06580859832375872,-0.021026730261981735,0.03916928845038631,9.18353333366625,0.07348682496078482,0.19462027745375218,6.613756613756613e-05,False,False,False
1,29,M3,0.2,0.007136344395170423,0.06523684312120125,-0.02024240387632465,0.03529576310095839,10.733469375799066,0.07565767618430728,0.174374578774619,7.164902998236332e-05,False,False,False
0,29,M3,0.2,0.0074055784911669295,0.06519242029238301,-0.020631509544804118,0.03293768430296692,10.816455571280851,0.07597999959685355,0.17443778419589084,7.164902998236332e-05,False,False,False
1,1,M3,0.2,0.00782980364440819,0.06476555672031856,-0.020516199617481915,0.03223265543290451,11.82000442700851,0.07694341061839748,0.1595592773927898,0.0005346119929453263,False,False,False
0,1,M3,0.2,0.0080805749956235,0.06471573293927754,-0.0208830203808993,0.029891562634558732,11.914900098244223,0.07738910113008153,0.15965293429401756,0.0005318562610229277,False,False,False
3,5,M3,0.0,0.005853280081818922,0.0655527374303794,-0.02098108515706256,0.03534573178390869,9.011317923672589,0.07268239804676094,0.19561291673888548,6.062610229276895e-05,False,False,False
2,5,M3,0.0,0.006077608338742941,0.06562875111164244,-0.020967037345346485,0.037214029798167306,9.083777820711655,0.07291020727286923,0.19513132932206217,6.613756613756613e-05,False,False,False
3,29,M3,0.0,0.006976752469290458,0.06497084481622377,-0.02048933868828866,0.029391938544547025,10.63680026050576,0.07497565958059885,0.17549961032291053,6.062610229276895e-05,False,False,False
2,29,M3,0.0,0.0072219142507718645,0.06503092532110527,-0.020520413543685383,0.031150567067474228,10.711602340898088,0.07526279176824172,0.17499478179683245,6.613756613756613e-05,False,False,False
3,1,M3,0.0,0.0075494789742139344,0.06450959685377847,-0.020709740188866184,0.026579446770522475,11.700936388502393,0.07643750522950901,0.16061461195947807,0.00048776455026455025,False,False,False
2,1,M3,0.0,0.0078406378723606,0.06456385450570053,-0.020751483957561274,0.028135577540514572,11.78291699624272,0.07671209799810987,0.16015035382648585,0.0005042989417989418,False,False,False
1,15,M3,0.0,0.008865895058487797,0.06342336542360005,-0.02062246855269339,0.03412324163406343,9.738076596811116,0.07380462579327986,0.20091980193761172,2.48015873015873e-05,False,False,False
3,15,M3,0.0,0.00891309801742885,0.06310969662379139,-0.02093475002986449,0.028789230116279922,9.634297005021429,0.07345836470584918,0.20185383204372015,2.755731922398589e-05,False,False,False
2,15,M3,0.0,0.0090345964017747,0.06320314131337777,-0.020953143120907895,0.03028988462845699,9.711319729522716,0.07365854583568714,0.20138058762497613,2.48015873015873e-05,False,False,False
0,15,M3,0.0,0.00904775351523791,0.0633964459100114,-0.02102707609041747,0.031824952552190505,9.816942563888817,0.07422295312043939,0.20087972734495557,2.204585537918871e-05,False,False,False
1,13,M3,0.0,0.014982055371541961,0.060419357749236666,-0.021343735844421917,0.031033604896090194,10.832186306162566,0.07474129468609743,0.17116347137042864,0.00011298500881834215,False,False,False
0,13,M3,0.0,0.015239415713183584,0.060384089032556695,-0.021755738868391036,0.02874306790703824,10.92250221572474,0.07512940317679094,0.17119261961351967,0.00011022927689594356,False,False,False
3,13,M3,0.0,0.015312163616267388,0.060104359182513244,-0.021623362456969508,0.025636582565879983,10.734087712860694,0.07417578492324733,0.1720561986126681,9.92063492063492e-05,False,False,False
2,13,M3,0.0,0.01535923441567888,0.060195749284122343,-0.021665734603932674,0.02722364885869391,10.814748882832752,0.07451327618002335,0.17163620916730002,0.00010747354497354496,False,False,False
1,25,M3,0.0,0.015482322710297805,0.060167738147491504,-0.022540676991155893,0.03715573425704837,9.443057735404041,0.07274757498680454,0.1700806919320664,2.755731922398589e-05,False,False,False
0,25,M3,0.0,0.01566728638391383,0.06014826658759877,-0.022985929443629722,0.03484462299705275,9.526984621634428,0.0731410349046099,0.170118658414282,2.755731922398589e-05,False,False,False
3,25,M3,0.0,0.015723244284700472,0.05988465116551942,-0.022937006570130307,0.03125369404248175,9.351478576140323,0.07226924596775244,0.17098144859716272,2.755731922398589e-05,False,False,False
2,25,M3,0.0,0.015780669733389596,0.059971183702252365,-0.022920752745608973,0.03306037437023237,9.424969878875528,0.07255781459296594,0.17056283742948758,2.755731922398589e-05,False,False,False
1,19,M3,0.0,0.016338602469945954,0.0596542750384836,-0.020346367074028066,0.02620953476629174,11.04697509446145,0.07456735808819297,0.19722722529619827,0.00020116843033509698,False,False,False
0,19,M3,0.0,0.016558640655059693,0.05962560420733539,-0.020732178749246644,0.02400800932236435,11.134919386753852,0.07501973585756123,0.19716007126466592,0.00020392416225749557,False,False,False
2,19,M3,0.0,0.016828195438276527,0.059408802733931176,-0.02062778951006189,0.02276833783291537,11.022376844335833,0.07452764019084904,0.19754964900245792,0.00019290123456790122,False,False,False
3,19,M3,0.0,0.016901237117925738,0.05929132032542985,-0.020565825347787135,0.021636464752821483,10.937520462667297,0.07433153674746779,0.19794114979401276,0.00018738977072310404,False,False,False
0,18,M4,1.0,0.0,0.0848356717705255,-0.014731923782115214,0.04718106484162156,10.258483936073215,0.07752631311599034,0.20940926229025889,5.235890652557319e-05,True,True,True
0,30,M4,1.0,0.0,0.08269678670267573,-0.016346701540508123,0.05272693022155115,7.997326462838094,0.0731964224359185,0.2222013994795958,1.1022927689594355e-05,True,True,True
1,30,M4,1.0,0.0,0.08274121823261092,-0.016023961758244866,0.05482559388567835,7.951098631633596,0.07292610044839946,0.22200379777853244,1.1022927689594355e-05,True,True,True
2,18,M4,1.0,0.0,0.08478594899499695,-0.014584733136872752,0.04468985458939338,10.16752039374237,0.07692679865779248,0.21041891318000427,4.409171075837742e-05,True,True,True
2,30,M4,1.0,0.0,0.08263787660390733,-0.016258096106101454,0.05032043393023163,7.930302916305142,0.07306849465524627,0.22309222771997184,1.1022927689594355e-05,True,True,True
3,18,M4,1.0,0.0,0.08485189760890069,-0.014520979248354476,0.04254388822424156,10.109921170359272,0.07659784370294107,0.21125460673773694,3.8580246913580246e-05,True,True,True
3,30,M4,1.0,0.0,0.08267992410283134,-0.01623092392333005,0.04801045185419174,7.887963937662503,0.07299335755500448,0.22385837963676503,1.1022927689594355e-05,True,True,True
1,18,M4,0.8,9.896854754065515e-10,0.08492419415925759,-0.01449428696894319,0.049399498455048214,10.205568354173101,0.07721740168957346,0.2092843412791952,4.96031746031746e-05,True,True,False
3,0,M4,0.8,1.1590333481153948e-07,0.08029732226467286,-0.015452152274394402,0.041317664913117294,8.592613486469837,0.07389604136670089,0.24264892490019854,2.48015873015873e-05,True,True,False
3,28,M4,0.8,1.000796547647803e-06,0.08784799578449196,-0.013493148196566865,0.045999871033214776,8.821520878180763,0.07511658511083698,0.25967694691376647,7.716049382716049e-05,True,True,False
0,28,M4,0.8,1.1641318580672967e-06,0.08794430698156716,-0.013632422703759814,0.05056528364892813,8.955435275707266,0.07560902547526686,0.2580213113464808,7.991622574955907e-05,True,True,False
2,28,M4,0.8,1.1737090358132117e-06,0.0878275154084724,-0.013524944131605609,0.048230583579795545,8.8756905105684,0.07521376797996532,0.2589088408937478,7.991622574955907e-05,True,True,False
3,12,M4,0.8,1.4965897047420844e-06,0.08677109249066582,-0.012913211307998699,0.0427540697058879,9.562733005407011,0.07610732400866557,0.2528228688034175,2.204585537918871e-05,True,True,False
1,28,M4,0.8,1.6278132041176702e-06,0.08805255482929684,-0.013415799536849996,0.05248437719185535,8.90694560430312,0.0753260113786145,0.2581057347941302,8.267195767195767e-05,True,True,False
3,14,M4,0.8,1.6453035643327702e-06,0.09396661558574862,-0.01298557092578509,0.04977770294820848,9.60079199735661,0.07661550849623296,0.21934137551046412,9.645061728395061e-05,True,True,False
0,12,M4,0.8,1.674189551470781e-06,0.08683809911988102,-0.013084737822172277,0.0471752049156827,9.71982861582801,0.07681888188853295,0.25102282660319697,1.6534391534391532e-05,True,True,False
2,12,M4,0.8,1.6818020462753786e-06,0.08674073855234787,-0.01295463922636913,0.04485733280318231,9.622274723933163,0.07630184470704782,0.2519961870134727,1.9290123456790123e-05,True,True,False
2,14,M4,0.8,1.730930239126341e-06,0.09383700730743358,-0.013057167040364286,0.05229683707681574,9.646561892201918,0.07691156388053598,0.21842952424577278,0.00010196208112874779,True,True,False
0,23,M4,0.8,1.7317644395856296e-06,0.08213710799661637,-0.013639506571562762,0.03663727727495298,11.006846475829956,0.07813954367113536,0.2251877482842728,0.0003031305114638448,True,True,False
0,14,M4,0.8,1.7403091797811203e-06,0.0938231503649483,-0.01318221444547599,0.05500920069088354,9.724726929421706,0.07741452797331369,0.21729769817522807,0.00010471781305114638,True,True,False
3,23,M4,0.8,1.8480321710357942e-06,0.082074796464114,-0.013301058249169984,0.03337956289113877,10.88059090250124,0.07769027058645431,0.22692631881240904,0.00027832892416225746,True,True,False
2,23,M4,0.8,1.886402370861811e-06,0.08204680772391551,-0.013417760092892162,0.03498522535291034,10.930167379553652,0.07792964247758619,0.22611486041790835,0.00028935185185185184,True,True,False
1,12,M4,0.8,2.1531695276938175e-06,0.08694640343782545,-0.012870358933292358,0.04915222056170007,9.691210372357546,0.0765480921677546,0.2511169956825582,1.9290123456790123e-05,True,True,False
1,14,M4,0.8,2.2445815414509886e-06,0.09392972531081818,-0.012978034208381803,0.05699863116404613,9.680793002907393,0.07729399358195822,0.2171059703377393,0.00010747354497354496,True,True,False
1,23,M4,0.8,2.2480852925422287e-06,0.08223287264393705,-0.013436074706802198,0.03864323572217708,10.940726783590698,0.07776797977730229,0.22504570219043868,0.00031139770723104054,True,True,False
3,26,M4,0.8,2.248599029437062e-06,0.09313063988438504,-0.012945676247199847,0.04928810818612562,8.834864204790128,0.07570667994892291,0.24240061067600135,1.3778659611992945e-05,True,True,False
0,26,M4,0.8,2.4902233698923465e-06,0.09306699854059615,-0.013158091167617684,0.054174870335415716,8.93978384327131,0.07624771290661847,0.24046410215452485,1.3778659611992945e-05,True,True,False
2,26,M4,0.8,2.4937180695298125e-06,0.09303877388235,-0.013000034615442774,0.051726187756770584,8.87162894597537,0.0759191917569918,0.2415299801847738,1.3778659611992945e-05,True,True,False
1,26,M4,0.8,3.1542916678820535e-06,0.09315700910505761,-0.012939940744733416,0.056237789485561594,8.90585193901639,0.07607774376899239,0.24033284873353736,1.3778659611992945e-05,True,True,False
0,10,M4,0.8,3.6218658711031703e-06,0.08523785307493419,-0.013496347036167252,0.037061112337546054,10.093603173735136,0.07740667373350998,0.24084315771766135,0.00021494708994708992,True,True,False
2,10,M4,0.8,3.920497589689887e-06,0.08516701339487576,-0.01332304898813787,0.03554313603046915,10.026865319820367,0.07729190485589701,0.2417255035828274,0.00020943562610229276,True,True,False
3,10,M4,0.8,4.003138652659932e-06,0.08520595585034127,-0.013207662762219515,0.033997488451485286,9.980524108165692,0.07713974157510992,0.24249914774169373,0.0001984126984126984,True,True,False
1,10,M4,0.8,4.5887710726674765e-06,0.0853159949912643,-0.013296306904810071,0.03885018857219104,10.02378238502732,0.07699526800531976,0.2406673970831364,0.00020943562610229276,True,True,False
0,3,M4,0.8,7.188615294230767e-06,0.08232287711989508,-0.01193147709455856,0.029299945625809627,12.33195151421781,0.0804925417354344,0.23052122079362886,9.92063492063492e-05,True,True,False
2,3,M4,0.8,7.783338799798475e-06,0.08223882803199196,-0.011665383061923554,0.028170033110335214,12.279325377332446,0.08021280943332457,0.23157045822828498,8.818342151675484e-05,True,True,False
3,3,M4,0.8,8.071257578293863e-06,0.08227283953252888,-0.011502521570658286,0.026927846295635827,12.240298638761242,0.07998475726266899,0.2324664902854498,9.093915343915344e-05,True,True,False
1,3,M4,0.8,8.216809842597292e-06,0.08242095817371423,-0.01175008963627663,0.031166745593657636,12.258450112087724,0.08009591984511694,0.23035019864172948,0.00010196208112874779,True,True,False
2,0,M4,0.8,8.757831217880267e-06,0.08030186622242882,-0.015502627387295473,0.043324446981774935,8.648821995040572,0.07399204250123574,0.2419083399933711,2.48015873015873e-05,True,True,False
1,0,M4,0.8,1.3887952767705242e-05,0.08047388740834145,-0.015350991123377133,0.04729123889247031,8.672730237305746,0.07393090507463054,0.24099711309559968,2.755731922398589e-05,True,True,False
0,0,M4,0.8,2.600614460679867e-05,0.08042091417068244,-0.015643911846243926,0.045286203123374266,8.728897783253933,0.07420358094778476,0.24106582086431896,2.755731922398589e-05,True,True,False
3,9,M4,0.8,0.00012425156212547244,0.07966803916226022,-0.01523857480191805,0.03810969835162197,10.35424911273663,0.07635171090271811,0.20396535531691512,0.00010196208112874779,True,True,False
1,9,M4,0.8,0.0001906021153431111,0.07979718396673756,-0.01518789255742713,0.044441400138418706,10.409070158552066,0.07667850478581811,0.2020500317614175,0.0001212522045855379,True,True,False
2,9,M4,0.8,0.00019351205208594224,0.07963379754117818,-0.015291107400058518,0.04007503427598035,10.406669883849192,0.07663357625691836,0.2031651696175487,0.00011022927689594356,True,True,False
0,9,M4,0.8,0.00025774894395548645,0.07971477866781376,-0.015436217531565401,0.042199969199424675,10.48133827654149,0.07702609310065564,0.20222436259189758,0.00011574074074074073,True,True,False
3,2,M4,0.8,0.00031149407615974306,0.07768354792800827,-0.018686957951312432,0.05174152790683432,7.194684200109298,0.07148843485724009,0.2275893863267618,1.6534391534391532e-05,True,True,False
3,20,M4,0.8,0.0003389946060780391,0.07619582223273319,-0.016921330014389835,0.040323126463188905,8.046479375350335,0.07271707676142884,0.25443273911758446,2.204585537918871e-05,True,True,False
3,21,M4,0.8,0.00035184104523850335,0.07868712214114741,-0.01471403561232651,0.03415210163549712,11.259047699300767,0.0776380279965195,0.20270537940425956,4.409171075837742e-05,True,True,False
2,2,M4,0.8,0.0004052425353335711,0.07770565952035133,-0.018635083828097015,0.05429877902546589,7.256726382797498,0.07154818785019067,0.2269717296623206,1.9290123456790123e-05,True,True,False
2,20,M4,0.8,0.0004264639257735567,0.0762452714828786,-0.016934923598699747,0.04218686209508118,8.110824569182512,0.07278702532243267,0.2537755825372918,2.204585537918871e-05,True,True,False
1,2,M4,0.8,0.000440294226811445,0.07788516337133443,-0.01829728723314105,0.05904144399393689,7.297264498123104,0.07166494443821668,0.22633810956536954,1.9290123456790123e-05,True,True,False
1,21,M4,0.8,0.00044788099561967107,0.07882858568501747,-0.014747548351061842,0.040424800311517226,11.339887534946667,0.07814353408421024,0.20079806545856232,5.7870370370370366e-05,True,True,False
2,21,M4,0.8,0.00046155147113153134,0.07865781660745637,-0.014809222981637305,0.036045343450146476,11.314668301307362,0.07790923130302291,0.20188740194025745,5.7870370370370366e-05,True,True,False
1,20,M4,0.8,0.0004620398027816952,0.07644786063493977,-0.016738631027684362,0.04597217964306845,8.141917483149347,0.07275224585033599,0.25310389262146477,2.48015873015873e-05,True,True,False
0,2,M4,0.8,0.000493877224180828,0.07783398706016136,-0.018650635256698272,0.05693485502482036,7.344067347956771,0.07186047994663061,0.22627628707763203,1.9290123456790123e-05,True,True,False
0,20,M4,0.8,0.0005082167424967061,0.07640676416644585,-0.01704215251211963,0.04403914164758764,8.197865664988019,0.07303351890010092,0.2530506888564459,1.9290123456790123e-05,True,True,False
3,24,M4,0.8,0.000528413898681453,0.07747512230287298,-0.01595043979156933,0.03394744326780573,11.210039018379735,0.0776781416950352,0.2029413767667223,0.00033619929453262786,True,True,False
0,21,M4,0.8,0.0005560041370063676,0.07874293191056583,-0.014981902557197025,0.038079629116338345,11.402770710776231,0.07852442161878027,0.20092045723146817,5.7870370370370366e-05,True,True,False
3,27,M4,0.8,0.0005774929360690695,0.07634405676074348,-0.016051739656368795,0.03878039662988018,9.305934163492573,0.07452661868646962,0.23236081690334567,4.684744268077601e-05,True,True,False
2,24,M4,0.8,0.0006609989443732874,0.07746958880823096,-0.01603013120742319,0.03580388744359843,11.274399744447546,0.07793350766987502,0.202248332084742,0.0003389550264550264,True,True,False
1,24,M4,0.8,0.0006634380675466486,0.07767292880784707,-0.01593800368275741,0.04030908154256441,11.319612225539014,0.07812286015724786,0.20141519413160341,0.00034171075837742505,True,True,False
2,27,M4,0.8,0.0006962338612475111,0.07637437177550267,-0.01607165013422997,0.04073839919370828,9.368226208849295,0.07463777291057314,0.231661967831598,4.684744268077601e-05,True,True,False
1,27,M4,0.8,0.0007056708174137952,0.07659245210879528,-0.0159058022358369,0.044960280823775525,9.396575902257453,0.0748060918886699,0.23092104496850796,4.96031746031746e-05,True,True,False
0,24,M4,0.8,0.0007796657889124469,0.07758079540995375,-0.016209395066025884,0.03794396053193727,11.381479659927553,0.07852755550686155,0.20146198486774974,0.00036375661375661375,True,True,False
0,27,M4,0.8,0.0007986151366563613,0.07652445377037684,-0.016176052813940505,0.04291683164963074,9.459703970464327,0.0751281434932859,0.23087639456303943,5.235890652557319e-05,True,True,False
3,8,M4,0.8,0.0009956713886505788,0.07452484465115702,-0.01805087165533987,0.04084069815627736,8.482888962727813,0.07330024538130198,0.22673273023062573,1.1022927689594355e-05,True,True,False
3,25,M4,0.8,0.0010800155300146326,0.07078797063281224,-0.017235776043584717,0.025674164553998197,9.879666950252922,0.07501028977425192,0.21238348747497043,3.3068783068783064e-05,True,True,False
2,8,M4,0.8,0.001145564940094914,0.07456803262763465,-0.018046261683609642,0.04287315346965217,8.545509509504535,0.07342631550587828,0.22610833035403183,1.1022927689594355e-05,True,True,False
1,8,M4,0.8,0.0011792869021696527,0.07477106833698419,-0.017835531355104482,0.04716116421236485,8.592572139903584,0.07359380659844511,0.2254281767424442,1.3778659611992945e-05,True,True,False
2,25,M4,0.8,0.0012283263676242816,0.07079926141221135,-0.017309532459892363,0.026887348736968214,9.928283886706424,0.07513868975719128,0.21174736176328074,3.8580246913580246e-05,True,True,False
0,8,M4,0.8,0.0012764874260829087,0.07472355134064221,-0.01815281327229934,0.04502888418502567,8.637956682999922,0.07386828520014638,0.2254115822664827,1.1022927689594355e-05,True,True,False
1,25,M4,0.8,0.0013075778497366824,0.07090081545245239,-0.01713725822835816,0.02979392386070886,9.913020027882663,0.07473136917375298,0.21076110947547805,4.1335978835978834e-05,True,True,False
0,25,M4,0.8,0.0013698545920380416,0.07089262061091153,-0.01746103813470836,0.02789939017628809,9.99953871992741,0.07519031540457355,0.21104754476226034,4.1335978835978834e-05,True,True,False
3,6,M4,0.8,0.001412433122993896,0.07415590592537927,-0.017882535495464,0.03737209128501329,9.96180632132591,0.07525528315255993,0.19175151555969783,6.062610229276895e-05,True,True,False
1,6,M4,0.8,0.0015978042399892756,0.0743366177630132,-0.01773221861068852,0.04387099784688038,10.031301368885238,0.07572650241303323,0.1901582974669767,7.164902998236332e-05,True,True,False
2,6,M4,0.8,0.0016033973825900073,0.07416081201666733,-0.017934789956606922,0.039370977190032255,10.01932513229951,0.07549810631270353,0.19108156618539812,6.613756613756613e-05,True,True,False
0,6,M4,0.8,0.001760590282246712,0.07427782204899161,-0.01803933950872258,0.041512156804644734,10.104016909797574,0.07605846162724351,0.1903094022092005,6.889329805996472e-05,True,True,False
3,22,M4,0.8,0.002183981737651064,0.07173132214616249,-0.01994531489019945,0.04121318357338178,8.659409506516514,0.07317468113143377,0.19738194781479054,2.755731922398589e-05,True,True,False
2,22,M4,0.8,0.002402904317790613,0.07176795869468927,-0.01995135291126989,0.04339963609759408,8.723205692860693,0.0733448873143147,0.1968150014284889,2.755731922398589e-05,True,True,False
1,22,M4,0.8,0.002442124666620873,0.0719491319788315,-0.019656799326913808,0.04792626689874067,8.746249096024862,0.07365186242742146,0.1960966338617684,3.582451499118166e-05,True,True,False
1,31,M4,0.8,0.002465904509984076,0.07213347642438579,-0.016604676763972336,0.03479271150424998,11.734933687628907,0.07785068199593256,0.19764083589387554,0.0002728174603174603,True,True,False
2,31,M4,0.8,0.0024779500743223907,0.07190980780130618,-0.016705972521492283,0.030643908726618617,11.698670288959567,0.0776909880514668,0.19838412696484586,0.0002755731922398589,True,True,False
3,7,M4,0.8,0.002537807177927042,0.07044413841143841,-0.017336440311909677,0.0330753825544889,10.036244432388077,0.07486830619857585,0.20539117001054058,1.9290123456790123e-05,True,True,False
0,22,M4,0.8,0.002589336983672452,0.0719106622648505,-0.020021683282981692,0.045615611407470606,8.815111415672087,0.0739248163303114,0.19617614137336514,3.3068783068783064e-05,True,True,False
0,31,M4,0.8,0.0026711333626226806,0.0720565209810172,-0.016886144489655013,0.032593940721001316,11.80648614479561,0.07821449374518782,0.19767472009344705,0.0002810846560846561,True,True,False
2,7,M4,0.8,0.0027645888741077832,0.07048411428400339,-0.017371174732335296,0.034880575835442316,10.100370477881226,0.07502127084011641,0.20472360388762442,1.9290123456790123e-05,True,True,False
1,7,M4,0.8,0.0027815200106487397,0.07068051890812244,-0.017169946670218875,0.03888372175180881,10.11512385765366,0.07497652356679348,0.203877566998459,1.9290123456790123e-05,True,True,False
0,7,M4,0.8,0.0029537813192260344,0.07063413650923991,-0.01749475834002739,0.03670947298296913,10.191304068262506,0.07533597569509135,0.2039771991185161,1.9290123456790123e-05,True,True,False
1,11,M4,0.8,0.0034749187895056393,0.06966976624205871,-0.017070075593364275,0.035085934916558384,10.94655043331762,0.07631868029908648,0.20645606522884688,9.645061728395061e-05,True,True,False
2,11,M4,0.8,0.0035073744135144603,0.06942836779515456,-0.017257848335216742,0.031116662714148886,10.921047679565394,0.0761335813053153,0.20710113007128012,7.716049382716049e-05,True,True,False
0,11,M4,0.8,0.003698038426332995,0.06960428960824076,-0.017384317547989737,0.03290374767102415,11.020078540626557,0.07669514257241453,0.2064358261500025,8.818342151675484e-05,True,True,False
0,4,M4,0.6,1.5791817690262514e-05,0.09631805695689774,-0.010581101689873359,0.04389832190723909,10.194593553065559,0.07897917143442464,0.25923652858036167,5.235890652557319e-05,True,False,False
2,4,M4,0.6,1.642955292201625e-05,0.09629379405072037,-0.01035764094447284,0.04199219895460761,10.128336953177973,0.07869055626942426,0.2603965716122793,4.684744268077601e-05,True,False,False
3,4,M4,0.6,1.6609264436454968e-05,0.09639506567873439,-0.010239757638690426,0.04021694469970365,10.08304957563885,0.07852060503021528,0.26134528067917423,3.582451499118166e-05,True,False,False
1,4,M4,0.6,1.724099822376814e-05,0.09642394836717331,-0.010454526676210472,0.045791763922286365,10.14787150501868,0.07869731545787101,0.2590747969201985,5.235890652557319e-05,True,False,False
0,16,M4,0.6,3.3626304738128117e-05,0.10530325520890398,-0.008973355742144052,0.05117666236557065,8.945789110138321,0.07756080521949797,0.2895700819514526,4.1335978835978834e-05,True,False,False
1,16,M4,0.6,3.573003705273181e-05,0.1054152358815383,-0.00886940195868967,0.052698483339851034,8.909528169295815,0.077264362835534,0.2894710679703824,3.8580246913580246e-05,True,False,False
3,31,M4,0.6,0.0022524008837536014,0.07187574705880628,-0.01663045881492121,0.028956436846255935,11.626409952960838,0.07742848153546034,0.1990172901269856,0.00026179453262786595,True,False,False
3,11,M4,0.6,0.00327430927461759,0.06936743361685789,-0.017208078961211036,0.029434432003508197,10.850141617390248,0.07590770710456973,0.2077066286666127,7.991622574955907e-05,True,False,False
2,17,M4,0.6,0.004515799386371722,0.06808051347261722,-0.020497956352369222,0.03812710785533737,9.5298999590319,0.07406229309116574,0.18038572989286944,1.9290123456790123e-05,True,False,False
1,17,M4,0.6,0.0045404002641641185,0.06826010091587006,-0.020211477761263634,0.04262345893802416,9.555488783266842,0.07440969609553783,0.1796620751224689,1.9290123456790123e-05,True,False,False
0,17,M4,0.6,0.0047394043968720856,0.06822360761905107,-0.020586890960143194,0.04032433024151155,9.629452213790518,0.07471387167662276,0.17976752748782482,1.9290123456790123e-05,True,False,False
2,16,M4,0.4,3.428968267267335e-05,0.10533910574207812,-0.00881487785804566,0.04897953124512997,8.878128492449061,0.07754339031001456,0.29076343880013555,4.1335978835978834e-05,False,False,False
3,16,M4,0.4,3.498710116680621e-05,0.10548709804530451,-0.008708552104145702,0.046868481823741634,8.831472940980841,0.0774823368737995,0.29173173734730645,3.3068783068783064e-05,False,False,False
3,17,M4,0.4,0.00423051338151738,0.06803822715509618,-0.020492212077997587,0.03613871872186038,9.460032063478744,0.07378265084762316,0.1809344702250109,2.204585537918871e-05,False,False,False
3,29,M4,0.2,0.0053592704675576135,0.06615769130944785,-0.019476361953356388,0.02837801857034858,10.654030386107843,0.07533711801888818,0.1810773576440999,6.338183421516755e-05,False,False,False
1,29,M4,0.2,0.005654154533131109,0.06640610476126545,-0.019338891826355595,0.03389632605448709,10.717027332992057,0.07549435976629831,0.1796859441359417,7.164902998236332e-05,False,False,False
2,29,M4,0.2,0.005655617284760878,0.06621006673993482,-0.019548100672083707,0.02993670302630147,10.715398073509528,0.07553442079450859,0.1805062574680094,6.338183421516755e-05,False,False,False
1,5,M4,0.2,0.005740447757576602,0.06607705230877944,-0.020355015924962104,0.04101184820459688,9.095534978356971,0.07306818688377914,0.19576189617578063,6.338183421516755e-05,False,False,False
0,29,M4,0.2,0.005870303138706183,0.06636843359935238,-0.01969724969130098,0.031668932208975244,10.802467747128613,0.07590491292511674,0.17987330435249366,6.338183421516755e-05,False,False,False
0,5,M4,0.2,0.005925841342256875,0.06604062323329618,-0.020756806828494307,0.03885278156433814,9.167168762872176,0.07340774652828834,0.19578498011218365,6.613756613756613e-05,False,False,False
1,1,M4,0.2,0.007399375809849627,0.06504505981481944,-0.020190538758779564,0.031601318463200676,11.783218841677328,0.07688092075102641,0.16109725926698013,0.000529100529100529,False,False,False
0,1,M4,0.2,0.007625961455394341,0.06499737866132396,-0.02053938077761497,0.029281593261992346,11.879221489921637,0.0773045039376026,0.1612581375452838,0.0005483906525573192,False,False,False
3,5,M4,0.0,0.005494853959308777,0.0657842255186112,-0.02068386224191778,0.03499957011324188,9.004926222633136,0.07281817493731443,0.19681121850464695,6.062610229276895e-05,False,False,False
2,5,M4,0.0,0.005739050302476905,0.06585927459750929,-0.020682420822725887,0.036871872380476484,9.073060164876722,0.0729625381971336,0.19631309865312915,6.338183421516755e-05,False,False,False
3,1,M4,0.0,0.007051244799417676,0.06479045373052097,-0.020331222609269912,0.02591009276649584,11.684701421234605,0.07643611185774965,0.16229938723290505,0.0005042989417989418,False,False,False
3,15,M4,0.0,0.007269808179590703,0.06400878987381817,-0.020160073418107674,0.02816759234417444,9.658032031504911,0.07373514181642792,0.20561607646705862,2.755731922398589e-05,False,False,False
2,1,M4,0.0,0.0073703871995720715,0.06484298887743974,-0.02039354326140999,0.027533898708270325,11.758704005657117,0.07672340898648866,0.16179695379894637,0.0005125661375661375,False,False,False
1,15,M4,0.0,0.007373583786448044,0.06430701888342624,-0.019939260928626225,0.03320726765330698,9.738249976688717,0.07377126150801228,0.20451027805075322,2.755731922398589e-05,False,False,False
2,15,M4,0.0,0.007441380570846488,0.06409714612124977,-0.020207182953218505,0.029613472038524446,9.725417823858905,0.07384062667753967,0.20511066517600254,2.48015873015873e-05,False,False,False
0,15,M4,0.0,0.007520623105345311,0.06428831837078403,-0.020314326110958358,0.03106575535787689,9.818533625051995,0.07413989670482428,0.20457518382255474,3.0313051146384477e-05,False,False,False
3,13,M4,0.0,0.007529404443066448,0.06371163496853037,-0.01921853172075834,0.023675996564467894,10.86236719148027,0.07508973048622006,0.18716719306938817,0.00010196208112874779,False,False,False
1,13,M4,0.0,0.007702100937344564,0.06397290803445117,-0.019102489717000785,0.02813766787993785,10.916298322775402,0.07508517489201207,0.18584915905972332,0.0001267636684303351,False,False,False
2,13,M4,0.0,0.007744516391097735,0.06377863208966042,-0.01930133643389247,0.024867397715905723,10.924241064318794,0.0752144995307559,0.18663324047370822,0.00011298500881834215,False,False,False
0,13,M4,0.0,0.007871352364626282,0.06394512650811485,-0.019458753088940406,0.026090106761527225,11.007427601838051,0.07556327125825295,0.18606107868162042,0.0001212522045855379,False,False,False
1,19,M4,0.0,0.009784515075826887,0.06247749114751462,-0.018529981568389284,0.024278552246978675,11.126908223100802,0.07482682482466954,0.20772675943935992,0.00019290123456790122,False,False,False
3,19,M4,0.0,0.009938589217223768,0.0621523103739525,-0.018601907533460464,0.02038950535625528,11.05423427875228,0.07489063563501623,0.208726735652332,0.00017912257495590828,False,False,False
0,19,M4,0.0,0.009940662327432724,0.062454217591556914,-0.018856862070594282,0.022312125532252213,11.217357639698458,0.07530539671739606,0.20781557337894344,0.00020943562610229276,False,False,False
2,19,M4,0.0,0.010007259338199527,0.06225305662674143,-0.018706077928478403,0.02141515483878758,11.124842130245169,0.07501440664840217,0.20827278102808794,0.00018738977072310404,False,False,False
