seed,structural_scenario_id,variant,acceptance_rate,distance,max_abs_return_acf,mean_log_variance_acf,rough_hurst,leverage,leverage_rank,zumbach,zumbach_rank,excess_kurtosis,absolute_return_tail_ratio,hill_tail_index,hill_threshold_instability,taylor_gap,taylor_fraction,mean_volatility,q995_volatility,q_forward_mean_max_error,p_cap_exceedance_fraction,q_cap_exceedance_fraction
360007,0,M2,0.875,0.0004068416539131977,0.08158737598261363,0.2453530230102825,0.08085207212467177,-0.0683341909350665,-0.02430113399349402,0.16135781943775893,0.050182721091544924,9.612606796648556,3.736264831307598,2.821965107477101,0.5040248756006533,0.03756856592411177,0.9077473958333333,0.1482703085499412,0.603397272032987,2.0816681711721685e-17,0.0001304666832010582,0.00019204006834215166
360007,0,M3,0.875,0.0004068416539131977,0.08158737598261363,0.2453530230102825,0.08085207212467177,-0.0683341909350665,-0.02430113399349402,0.16135781943775893,0.050182721091544924,9.612606796648556,3.736264831307598,2.821965107477101,0.5040248756006533,0.03756856592411177,0.9077473958333333,0.1482703085499412,0.603397272032987,2.0816681711721685e-17,0.0001304666832010582,0.00019204006834215166
360007,0,M2+O,0.90625,5.129041193567915e-05,0.08125875975392816,0.25522151391784803,0.08343230299212931,-0.06670756251640445,-0.022907408284131306,0.1538870537805569,0.04831617429513571,9.917039694786695,3.7306929530469866,2.806703692541386,0.4962247790213514,0.03971463516916656,0.9176432291666667,0.14769547287672946,0.6048376589370676,2.1033522146218786e-17,0.00014639825837742504,0.00021787505511463844
360007,0,M4,0.90625,5.129041193567915e-05,0.08125875975392816,0.25522151391784803,0.08343230299212931,-0.06670756251640445,-0.022907408284131306,0.1538870537805569,0.04831617429513571,9.917039694786695,3.7306929530469866,2.806703692541386,0.4962247790213514,0.03971463516916656,0.9176432291666667,0.14769547287672946,0.6048376589370676,2.1033522146218786e-17,0.00014639825837742504,0.00021787505511463844
360007,1,M2,0.875,0.00041962055817687093,0.0812016682845461,0.2445102904209977,0.08087187949505652,-0.06769508281996318,-0.024096349802953644,0.16358059337085265,0.053430863117660675,9.591805350099554,3.71496416900725,2.8358957164619305,0.5148400410891139,0.03733104731567794,0.9051432291666666,0.14854774808228047,0.6032634221973465,2.0816681711721685e-17,0.00012745260141093474,0.0001868730709876543
360007,1,M3,0.875,0.00041962055817687093,0.0812016682845461,0.2445102904209977,0.08087187949505652,-0.06769508281996318,-0.024096349802953644,0.16358059337085265,0.053430863117660675,9.591805350099554,3.71496416900725,2.8358957164619305,0.5148400410891139,0.03733104731567794,0.9051432291666666,0.14854774808228047,0.6032634221973465,2.0816681711721685e-17,0.00012745260141093474,0.0001868730709876543
360007,1,M2+O,0.90625,5.44055156110034e-05,0.08076181787603959,0.25431577099809144,0.08347589088843102,-0.0660834295335444,-0.022767279730018585,0.15588080467743237,0.05120393507287455,9.87938579461165,3.718839165434429,2.8099353660952553,0.4924433950387773,0.03949661016111551,0.9166015624999999,0.1479691535637695,0.6045666613466748,2.0816681711721685e-17,0.00014252301036155203,0.00021055514219576717
360007,1,M4,0.90625,5.44055156110034e-05,0.08076181787603959,0.25431577099809144,0.08347589088843102,-0.0660834295335444,-0.022767279730018585,0.15588080467743237,0.05120393507287455,9.87938579461165,3.718839165434429,2.8099353660952553,0.4924433950387773,0.03949661016111551,0.9166015624999999,0.1479691535637695,0.6045666613466748,2.0816681711721685e-17,0.00014252301036155203,0.00021055514219576717
360007,2,M2,0.78125,0.0005505560605174581,0.08034617362912014,0.24466189216095846,0.07979510005908241,-0.06700837035261895,-0.02435734885673528,0.1554839347574463,0.04797783111269599,9.52500869912297,3.7336858617681776,2.837756424543435,0.5093273717615752,0.03735552637563651,0.9109375,0.14900100183058324,0.6018789726381578,2.0816681711721685e-17,0.00012314677028218694,0.0001851507385361552
360007,2,M3,0.78125,0.0005505560605174581,0.08034617362912014,0.24466189216095846,0.07979510005908241,-0.06700837035261895,-0.02435734885673528,0.1554839347574463,0.04797783111269599,9.52500869912297,3.7336858617681776,2.837756424543435,0.5093273717615752,0.03735552637563651,0.9109375,0.14900100183058324,0.6018789726381578,2.0816681711721685e-17,0.00012314677028218694,0.0001851507385361552
360007,2,M2+O,0.84375,9.407585357658091e-05,0.08025562687144454,0.2546819040354508,0.08239244834440093,-0.0652799365752917,-0.02292756485203796,0.14789339435517057,0.04644850049920358,9.875578306226506,3.7264082075863305,2.8160353882344014,0.4946522379436038,0.039476839341218546,0.9182942708333333,0.14838642976958,0.605269246284192,2.0816681711721685e-17,0.00014080067791005292,0.00020667989417989417
360007,2,M4,0.84375,9.407585357658091e-05,0.08025562687144454,0.2546819040354508,0.08239244834440093,-0.0652799365752917,-0.02292756485203796,0.14789339435517057,0.04644850049920358,9.875578306226506,3.7264082075863305,2.8160353882344014,0.4946522379436038,0.039476839341218546,0.9182942708333333,0.14838642976958,0.605269246284192,2.0816681711721685e-17,0.00014080067791005292,0.00020667989417989417
360007,3,M2,0.78125,0.0006852263583104902,0.07957332889651272,0.2441357533865829,0.07900430486009692,-0.0657077322711113,-0.024424559920704383,0.15001214802873786,0.04556060440818587,9.495898796385376,3.7264901332696754,2.8599741381637456,0.5143974411235062,0.03710518964590671,0.9106770833333333,0.14961128772715004,0.6012817824128053,2.1033522146218786e-17,0.00012142443783068782,0.0001743861607142857
360007,3,M3,0.78125,0.0006852263583104902,0.07957332889651272,0.2441357533865829,0.07900430486009692,-0.0657077322711113,-0.024424559920704383,0.15001214802873786,0.04556060440818587,9.495898796385376,3.7264901332696754,2.8599741381637456,0.5143974411235062,0.03710518964590671,0.9106770833333333,0.14961128772715004,0.6012817824128053,2.1033522146218786e-17,0.00012142443783068782,0.0001743861607142857
360007,3,M2+O,0.84375,0.00014224089359704702,0.0796457580704596,0.25420525907788305,0.08161270833076964,-0.06394329312324495,-0.0229821303528882,0.14247121787610328,0.04439160860331959,9.873892200632383,3.718638107369358,2.827421476645399,0.4938595141087051,0.03920844598550891,0.9160807291666666,0.14896871176858634,0.605452168021911,2.0816681711721685e-17,0.00013606426366843033,0.0001997905643738977
360007,3,M4,0.84375,0.00014224089359704702,0.0796457580704596,0.25420525907788305,0.08161270833076964,-0.06394329312324495,-0.0229821303528882,0.14247121787610328,0.04439160860331959,9.873892200632383,3.718638107369358,2.827421476645399,0.4938595141087051,0.03920844598550891,0.9160807291666666,0.14896871176858634,0.605452168021911,2.0816681711721685e-17,0.00013606426366843033,0.0001997905643738977
390001,0,M2,0.71875,0.0014034234654226553,0.07762369154054574,0.19114352442445748,0.07628663307113433,-0.04698170719961175,-0.013566154769487995,0.1998841591028711,0.058769093282376464,8.464731842826668,3.6480806389683798,2.865490175933904,0.40701261520614535,0.024918004562511198,0.8294270833333333,0.15380893237738186,0.5900077469546743,2.0816681711721685e-17,6.329571759259259e-05,9.903411596119929e-05
390001,0,M3,0.71875,0.0014034234654226553,0.07762369154054574,0.19114352442445748,0.07628663307113433,-0.04698170719961175,-0.013566154769487995,0.1998841591028711,0.058769093282376464,8.464731842826668,3.6480806389683798,2.865490175933904,0.40701261520614535,0.024918004562511198,0.8294270833333333,0.15380893237738186,0.5900077469546743,2.0816681711721685e-17,6.329571759259259e-05,9.903411596119929e-05
390001,0,M2+O,0.71875,0.0007061008664502355,0.076579830946686,0.19836176216062718,0.07793642489536617,-0.048329968121434294,-0.01312740475603285,0.19605558973874243,0.05314034472015325,8.52190702981455,3.639845885446484,2.8815200911102865,0.4045974167215023,0.02681962331001693,0.85234375,0.15309136799623646,0.5893732029461712,2.0816681711721685e-17,5.9420469576719573e-05,9.128361992945326e-05
390001,0,M4,0.71875,0.0007061008664502355,0.076579830946686,0.19836176216062718,0.07793642489536617,-0.048329968121434294,-0.01312740475603285,0.19605558973874243,0.05314034472015325,8.52190702981455,3.639845885446484,2.8815200911102865,0.4045974167215023,0.02681962331001693,0.85234375,0.15309136799623646,0.5893732029461712,2.0816681711721685e-17,5.9420469576719573e-05,9.128361992945326e-05
390001,1,M2,0.71875,0.0014648194872375485,0.07697053321162062,0.19202773730677997,0.07612158172472938,-0.04609796926840794,-0.013086473855569249,0.20078388161533905,0.06080596292695002,8.435794854192228,3.639095318489396,2.8871088022572455,0.41972556707433156,0.024930663491590736,0.8294921875000001,0.15401664365087936,0.5903009287016159,2.0599841277224584e-17,6.200396825396825e-05,9.515886794532627e-05
390001,1,M3,0.71875,0.0014648194872375485,0.07697053321162062,0.19202773730677997,0.07612158172472938,-0.04609796926840794,-0.013086473855569249,0.20078388161533905,0.06080596292695002,8.435794854192228,3.639095318489396,2.8871088022572455,0.41972556707433156,0.024930663491590736,0.8294921875000001,0.15401664365087936,0.5903009287016159,2.0599841277224584e-17,6.200396825396825e-05,9.515886794532627e-05
390001,1,M2+O,0.71875,0.0007418113861511958,0.07603841912385588,0.19919905356439638,0.0777941464210494,-0.04740914878287272,-0.012674061735432687,0.19730100506877898,0.05503189781136461,8.490886101938386,3.6337551266547115,2.885717312474525,0.4060292364925148,0.026846586794227034,0.8533854166666667,0.15330778039170379,0.5897931762310408,2.0816681711721685e-17,5.4684055335097e-05,8.697778880070546e-05
390001,1,M4,0.71875,0.0007418113861511958,0.07603841912385588,0.19919905356439638,0.0777941464210494,-0.04740914878287272,-0.012674061735432687,0.19730100506877898,0.05503189781136461,8.490886101938386,3.6337551266547115,2.885717312474525,0.4060292364925148,0.026846586794227034,0.8533854166666667,0.15330778039170379,0.5897931762310408,2.0816681711721685e-17,5.4684055335097e-05,8.697778880070546e-05
390001,2,M2,0.71875,0.0014801459631424351,0.07828528600635559,0.19187874603283794,0.07613385950993193,-0.04656418215474429,-0.013323403613415587,0.19470232539966342,0.05739768851934529,8.358630851917074,3.6456721140820925,2.8751886625724516,0.406582568246948,0.024751832663853002,0.8311848958333333,0.15415051845846692,0.5904460417621222,2.0816681711721685e-17,6.200396825396825e-05,9.47282848324515e-05
390001,2,M3,0.71875,0.0014801459631424351,0.07828528600635559,0.19187874603283794,0.07613385950993193,-0.04656418215474429,-0.013323403613415587,0.19470232539966342,0.05739768851934529,8.358630851917074,3.6456721140820925,2.8751886625724516,0.406582568246948,0.024751832663853002,0.8311848958333333,0.15415051845846692,0.5904460417621222,2.0816681711721685e-17,6.200396825396825e-05,9.47282848324515e-05
390001,2,M2+O,0.71875,0.0007370487951504326,0.07711069962519942,0.19942640219588212,0.077898930081748,-0.04786790552625518,-0.01282812798228413,0.19058083908138015,0.05196705303163818,8.409718836359826,3.634724646327385,2.8851548886831075,0.4053958978077531,0.02664191355976132,0.8524739583333333,0.15343479254544107,0.5897947967711825,2.0816681711721685e-17,5.6836970899470896e-05,9.04224537037037e-05
390001,2,M4,0.71875,0.0007370487951504326,0.07711069962519942,0.19942640219588212,0.077898930081748,-0.04786790552625518,-0.01282812798228413,0.19058083908138015,0.05196705303163818,8.409718836359826,3.634724646327385,2.8851548886831075,0.4053958978077531,0.02664191355976132,0.8524739583333333,0.15343479254544107,0.5897947967711825,2.0816681711721685e-17,5.6836970899470896e-05,9.04224537037037e-05
390001,3,M2,0.71875,0.0014798493805091924,0.07883535306798588,0.19276793176885998,0.07622767435263875,-0.0461388889120999,-0.013217497131996039,0.18956127499796577,0.056259485067475815,8.2810803176909,3.6421586898486633,2.8765619382087704,0.40441204476382997,0.024648210420278142,0.8326822916666667,0.15445248963155855,0.5914392830507675,2.0816681711721685e-17,5.985105268959435e-05,9.214478615520282e-05
390001,3,M3,0.71875,0.0014798493805091924,0.07883535306798588,0.19276793176885998,0.07622767435263875,-0.0461388889120999,-0.013217497131996039,0.18956127499796577,0.056259485067475815,8.2810803176909,3.6421586898486633,2.8765619382087704,0.40441204476382997,0.024648210420278142,0.8326822916666667,0.15445248963155855,0.5914392830507675,2.0816681711721685e-17,5.985105268959435e-05,9.214478615520282e-05
390001,3,M2+O,0.71875,0.0007205955788034725,0.0776194703480251,0.20056830342870247,0.07807652940967527,-0.04740180963712595,-0.012651141560511073,0.18532221343292787,0.05086795569973848,8.327684335042129,3.6318071413931383,2.869779077523563,0.38449656598258153,0.026518621980710103,0.8522786458333333,0.15373670491196906,0.5905891370603265,2.0816681711721685e-17,5.597580467372134e-05,8.697778880070546e-05
390001,3,M4,0.71875,0.0007205955788034725,0.0776194703480251,0.20056830342870247,0.07807652940967527,-0.04740180963712595,-0.012651141560511073,0.18532221343292787,0.05086795569973848,8.327684335042129,3.6318071413931383,2.869779077523563,0.38449656598258153,0.026518621980710103,0.8522786458333333,0.15373670491196906,0.5905891370603265,2.0816681711721685e-17,5.597580467372134e-05,8.697778880070546e-05
420001,0,M2,0.03125,0.013784942912691596,0.074195050266371,0.2044702182675348,0.06284161038673117,-0.041175493093149,-0.011296628639669716,0.13630937511891567,0.03195722271565049,10.140059083337047,3.590868481125086,2.9266507891819726,0.36617071476890994,0.02557916477848353,0.8373697916666667,0.15682787825662825,0.5835910923970065,2.0816681711721685e-17,7.276854607583774e-05,0.00011195160934744267
420001,0,M3,0.03125,0.013784942912691596,0.074195050266371,0.2044702182675348,0.06284161038673117,-0.041175493093149,-0.011296628639669716,0.13630937511891567,0.03195722271565049,10.140059083337047,3.590868481125086,2.9266507891819726,0.36617071476890994,0.02557916477848353,0.8373697916666667,0.15682787825662825,0.5835910923970065,2.0816681711721685e-17,7.276854607583774e-05,0.00011195160934744267
420001,0,M2+O,0.0625,0.009661469828355048,0.07486845833437572,0.2179528853821589,0.06584407572944377,-0.039253567076903265,-0.009449503811871847,0.1354352700900637,0.03039996964221133,10.124925536122587,3.607924629770633,2.916223771589857,0.3831806662797974,0.02811414833457388,0.8604166666666666,0.15608966176501066,0.5834200353527763,2.0816681711721685e-17,7.836612654320987e-05,0.00011711860670194003
420001,0,M4,0.0625,0.009661469828355048,0.07486845833437572,0.2179528853821589,0.06584407572944377,-0.039253567076903265,-0.009449503811871847,0.1354352700900637,0.03039996964221133,10.124925536122587,3.607924629770633,2.916223771589857,0.3831806662797974,0.02811414833457388,0.8604166666666666,0.15608966176501066,0.5834200353527763,2.0816681711721685e-17,7.836612654320987e-05,0.00011711860670194003
420001,1,M2,0.03125,0.013127768243104371,0.07437255055162849,0.2037436271136327,0.06321843881463493,-0.04046498929079577,-0.010940754948742474,0.13670781060563492,0.03327198802721727,10.071856353840325,3.5815024979198906,2.943097955851482,0.37945260724854,0.02540750667023067,0.83515625,0.15701813915625926,0.5831783207363017,2.0816681711721685e-17,8.008845899470899e-05,0.00011668802358906525
420001,1,M3,0.03125,0.013127768243104371,0.07437255055162849,0.2037436271136327,0.06321843881463493,-0.04046498929079577,-0.010940754948742474,0.13670781060563492,0.03327198802721727,10.071856353840325,3.5815024979198906,2.943097955851482,0.37945260724854,0.02540750667023067,0.83515625,0.15701813915625926,0.5831783207363017,2.0816681711721685e-17,8.008845899470899e-05,0.00011668802358906525
420001,1,M2+O,0.03125,0.009187700883330518,0.07502300147230173,0.21722778995527553,0.06619556129945049,-0.03857543334869773,-0.009106682232382902,0.13577169615093662,0.03152042299185171,10.060492359104,3.5968735394915097,2.923004464041287,0.3858228425294942,0.027882825311078798,0.8597005208333334,0.15627930691501435,0.5838356313716043,2.0816681711721685e-17,8.310254078483245e-05,0.00012099385471781304
420001,1,M4,0.03125,0.009187700883330518,0.07502300147230173,0.21722778995527553,0.06619556129945049,-0.03857543334869773,-0.009106682232382902,0.13577169615093662,0.03152042299185171,10.060492359104,3.5968735394915097,2.923004464041287,0.3858228425294942,0.027882825311078798,0.8597005208333334,0.15627930691501435,0.5838356313716043,2.0816681711721685e-17,8.310254078483245e-05,0.00012099385471781304
420001,2,M2,0.03125,0.013112089346781878,0.07336248883345103,0.20541438043583038,0.06321572975149298,-0.040097695631080704,-0.011337660696309109,0.13293950012147918,0.029778472069073664,10.080727538596808,3.5753380746559973,2.9431612816495023,0.375401242481178,0.025639833601360646,0.8430338541666667,0.15724425049783963,0.5845157844956683,2.1033522146218786e-17,6.544863315696649e-05,9.817294973544973e-05
420001,2,M3,0.03125,0.013112089346781878,0.07336248883345103,0.20541438043583038,0.06321572975149298,-0.040097695631080704,-0.011337660696309109,0.13293950012147918,0.029778472069073664,10.080727538596808,3.5753380746559973,2.9431612816495023,0.375401242481178,0.025639833601360646,0.8430338541666667,0.15724425049783963,0.5845157844956683,2.1033522146218786e-17,6.544863315696649e-05,9.817294973544973e-05
420001,2,M2+O,0.0625,0.009118212089406035,0.0742095927143334,0.21907519747190274,0.06625636235245869,-0.038225991815762084,-0.009422389316795943,0.1316012204918691,0.02847099567517817,10.096996160606732,3.5982217805862167,2.9254795437164622,0.38740154040062835,0.028187269429018662,0.8653645833333333,0.15648327353186425,0.58464881259648,2.0816681711721685e-17,6.760154872134038e-05,0.00010204819775132275
420001,2,M4,0.0625,0.009118212089406035,0.0742095927143334,0.21907519747190274,0.06625636235245869,-0.038225991815762084,-0.009422389316795943,0.1316012204918691,0.02847099567517817,10.096996160606732,3.5982217805862167,2.9254795437164622,0.38740154040062835,0.028187269429018662,0.8653645833333333,0.15648327353186425,0.58464881259648,2.0816681711721685e-17,6.760154872134038e-05,0.00010204819775132275
420001,3,M2,0.0625,0.012328788824600622,0.0727805950230853,0.20651615876762372,0.06368525983444351,-0.039160685637157286,-0.011414422709403224,0.1300289835796566,0.027852974961195646,10.04062148324773,3.5651498494111777,2.9519965095209404,0.37265945206259654,0.025709840001054078,0.8472005208333333,0.1575913087269005,0.5847140785671844,2.0816681711721685e-17,5.7698137125220455e-05,9.171420304232804e-05
420001,3,M3,0.0625,0.012328788824600622,0.0727805950230853,0.20651615876762372,0.06368525983444351,-0.039160685637157286,-0.011414422709403224,0.1300289835796566,0.027852974961195646,10.04062148324773,3.5651498494111777,2.9519965095209404,0.37265945206259654,0.025709840001054078,0.8472005208333333,0.1575913087269005,0.5847140785671844,2.0816681711721685e-17,5.7698137125220455e-05,9.171420304232804e-05
420001,3,M2+O,0.0625,0.008488265038973727,0.07368891311575196,0.2203151670595125,0.0667690425369045,-0.037318173007990216,-0.009469494003000694,0.128442150321044,0.026704336771275382,10.079888917056486,3.595028359328281,2.9335623951129257,0.39203461877658785,0.02828138509708402,0.8692057291666667,0.15681078066955323,0.5852860956354481,2.0816681711721685e-17,6.243455136684303e-05,9.429770171957671e-05
420001,3,M4,0.0625,0.008488265038973727,0.07368891311575196,0.2203151670595125,0.0667690425369045,-0.037318173007990216,-0.009469494003000694,0.128442150321044,0.026704336771275382,10.079888917056486,3.595028359328281,2.9335623951129257,0.39203461877658785,0.02828138509708402,0.8692057291666667,0.15681078066955323,0.5852860956354481,2.0816681711721685e-17,6.243455136684303e-05,9.429770171957671e-05
450007,0,M2,0.75,0.0008814225643467358,0.06789184001887133,0.1973645151439528,0.07728629178465271,-0.05623016981581487,-0.023610836888980427,0.1707385397059381,0.04371235671974187,9.24922708385066,3.7169776488332653,2.803760166645465,0.40783673538434284,0.025822778667657212,0.84140625,0.15103072429425263,0.6008642307182069,2.0816681711721685e-17,7.793554343033509e-05,0.00011797977292768959
450007,0,M3,0.75,0.0008814225643467358,0.06789184001887133,0.1973645151439528,0.07728629178465271,-0.05623016981581487,-0.023610836888980427,0.1707385397059381,0.04371235671974187,9.24922708385066,3.7169776488332653,2.803760166645465,0.40783673538434284,0.025822778667657212,0.84140625,0.15103072429425263,0.6008642307182069,2.0816681711721685e-17,7.793554343033509e-05,0.00011797977292768959
450007,0,M2+O,0.8125,0.00020840248606722713,0.06905898911498234,0.20544153450107172,0.08014044005410967,-0.05336729128682958,-0.021290096463630996,0.16881437238224864,0.04119305525171695,9.03600872780751,3.7174993614314467,2.820747511705147,0.4098964645577864,0.027555081292344887,0.8527994791666667,0.15083585781703207,0.5993624300825129,2.1033522146218786e-17,7.750496031746031e-05,0.00011884093915343915
450007,0,M4,0.8125,0.00020840248606722713,0.06905898911498234,0.20544153450107172,0.08014044005410967,-0.05336729128682958,-0.021290096463630996,0.16881437238224864,0.04119305525171695,9.03600872780751,3.7174993614314467,2.820747511705147,0.4098964645577864,0.027555081292344887,0.8527994791666667,0.15083585781703207,0.5993624300825129,2.1033522146218786e-17,7.750496031746031e-05,0.00011884093915343915
450007,1,M2,0.78125,0.0008179617802335204,0.06783955668638442,0.19877034440795596,0.07760270740481852,-0.056004349538117754,-0.023173571840115793,0.17246742893289846,0.04561967664299462,9.188231612370299,3.717547577332975,2.807058073213473,0.40102401692070166,0.02609398331084317,0.8434895833333333,0.15117255035308141,0.600434911794447,2.0816681711721685e-17,7.750496031746031e-05,0.00011754918981481481
450007,1,M3,0.78125,0.0008179617802335204,0.06783955668638442,0.19877034440795596,0.07760270740481852,-0.056004349538117754,-0.023173571840115793,0.17246742893289846,0.04561967664299462,9.188231612370299,3.717547577332975,2.807058073213473,0.40102401692070166,0.02609398331084317,0.8434895833333333,0.15117255035308141,0.600434911794447,2.0816681711721685e-17,7.750496031746031e-05,0.00011754918981481481
450007,1,M2+O,0.8125,0.00018418026238539592,0.06891242981041915,0.2065484631839874,0.08042026196255402,-0.05311084264184854,-0.020903630005005863,0.17067756378018883,0.04328347490740069,8.975571421892584,3.7171564438618834,2.8159684073740823,0.4050636672524309,0.02768423114775631,0.853515625,0.1509926569729036,0.5991715340479318,2.0816681711721685e-17,7.793554343033509e-05,0.00011841035604056437
450007,1,M4,0.8125,0.00018418026238539592,0.06891242981041915,0.2065484631839874,0.08042026196255402,-0.05311084264184854,-0.020903630005005863,0.17067756378018883,0.04328347490740069,8.975571421892584,3.7171564438618834,2.8159684073740823,0.4050636672524309,0.02768423114775631,0.853515625,0.1509926569729036,0.5991715340479318,2.0816681711721685e-17,7.793554343033509e-05,0.00011841035604056437
450007,2,M2,0.75,0.0009278396082244326,0.06773706751095013,0.1972104602651573,0.07717715641492467,-0.054739906831811166,-0.02382642761723263,0.16739123548028567,0.041521922288598176,9.19181310778956,3.7175327833683927,2.8199035593380097,0.4208461873292514,0.02559418930918217,0.8453776041666667,0.15153297589567882,0.6004207555549703,2.1033522146218786e-17,7.406029541446208e-05,0.00011453510802469135
450007,2,M3,0.75,0.0009278396082244326,0.06773706751095013,0.1972104602651573,0.07717715641492467,-0.054739906831811166,-0.02382642761723263,0.16739123548028567,0.041521922288598176,9.19181310778956,3.7175327833683927,2.8199035593380097,0.4208461873292514,0.02559418930918217,0.8453776041666667,0.15153297589567882,0.6004207555549703,2.1033522146218786e-17,7.406029541446208e-05,0.00011453510802469135
450007,2,M2+O,0.8125,0.00023742310331607765,0.06920819350864195,0.20525417341197294,0.07996657860780834,-0.05199860714953203,-0.021460920619588222,0.16584782773330511,0.039257518098002424,8.997380440363877,3.711591839300485,2.837482643069648,0.4192131579569738,0.02740793966222456,0.8530598958333333,0.15131328856997298,0.59853674532515,2.1033522146218786e-17,7.36297123015873e-05,0.00011410452491181657
450007,2,M4,0.8125,0.00023742310331607765,0.06920819350864195,0.20525417341197294,0.07996657860780834,-0.05199860714953203,-0.021460920619588222,0.16584782773330511,0.039257518098002424,8.997380440363877,3.711591839300485,2.837482643069648,0.4192131579569738,0.02740793966222456,0.8530598958333333,0.15131328856997298,0.59853674532515,2.1033522146218786e-17,7.36297123015873e-05,0.00011410452491181657
450007,3,M2,0.75,0.00098213416287555,0.06786903834228226,0.19690305101371572,0.07702481155395084,-0.053441347558294196,-0.024023536146131654,0.16308685951725255,0.03940362191742999,9.139487766195687,3.7210325492865612,2.8229032305372015,0.41184678755977944,0.0253308430130429,0.8440104166666667,0.152005039488477,0.6001983036999148,2.0816681711721685e-17,7.061563051146384e-05,0.0001072151951058201
450007,3,M3,0.75,0.00098213416287555,0.06786903834228226,0.19690305101371572,0.07702481155395084,-0.053441347558294196,-0.024023536146131654,0.16308685951725255,0.03940362191742999,9.139487766195687,3.7210325492865612,2.8229032305372015,0.41184678755977944,0.0253308430130429,0.8440104166666667,0.152005039488477,0.6001983036999148,2.0816681711721685e-17,7.061563051146384e-05,0.0001072151951058201
450007,3,M2+O,0.78125,0.00026848938489588427,0.06938039921328348,0.2049751499002347,0.07977201375530533,-0.05081885824816296,-0.021624950576957618,0.16189140229425392,0.037285864039764874,8.960801510557019,3.706749312927505,2.8359512392166666,0.4107342362474251,0.027225989615079188,0.8528645833333333,0.1517615599776796,0.5990609286338036,2.0816681711721685e-17,6.846271494708994e-05,0.00010850694444444444
450007,3,M4,0.78125,0.00026848938489588427,0.06938039921328348,0.2049751499002347,0.07977201375530533,-0.05081885824816296,-0.021624950576957618,0.16189140229425392,0.037285864039764874,8.960801510557019,3.706749312927505,2.8359512392166666,0.4107342362474251,0.027225989615079188,0.8528645833333333,0.1517615599776796,0.5990609286338036,2.0816681711721685e-17,6.846271494708994e-05,0.00010850694444444444
480013,0,M2,0.78125,0.0005105606086012694,0.077596159255432,0.2041482933179599,0.08012122494898802,-0.062348978757521725,-0.01518535560856459,0.17272325460349985,0.02859621602125905,12.136656659762423,3.6854458009164093,2.711801937425523,0.33080226189737755,0.03140301574510931,0.8908203125,0.15229415914187475,0.6049763351192969,2.1250362580715887e-17,0.00014252301036155203,0.00020883280974426805
480013,0,M3,0.78125,0.0005105606086012694,0.077596159255432,0.2041482933179599,0.08012122494898802,-0.062348978757521725,-0.01518535560856459,0.17272325460349985,0.02859621602125905,12.136656659762423,3.6854458009164093,2.711801937425523,0.33080226189737755,0.03140301574510931,0.8908203125,0.15229415914187475,0.6049763351192969,2.1250362580715887e-17,0.00014252301036155203,0.00020883280974426805
480013,0,M2+O,0.8125,0.0002012573232329259,0.07844060301046765,0.20830660634819936,0.08142270913220326,-0.06231766773474471,-0.014873791572485551,0.1736543749961193,0.02916378317440961,12.284589928096445,3.697741031589052,2.728139510236809,0.35509770641680455,0.03190149564010636,0.8899739583333333,0.15179995357434115,0.6086710221008919,2.0816681711721685e-17,0.00014553709215167548,0.00021356922398589064
480013,0,M4,0.8125,0.0002012573232329259,0.07844060301046765,0.20830660634819936,0.08142270913220326,-0.06231766773474471,-0.014873791572485551,0.1736543749961193,0.02916378317440961,12.284589928096445,3.697741031589052,2.728139510236809,0.35509770641680455,0.03190149564010636,0.8899739583333333,0.15179995357434115,0.6086710221008919,2.0816681711721685e-17,0.00014553709215167548,0.00021356922398589064
480013,1,M2,0.78125,0.0005297351616837045,0.07691037345818669,0.20355868976328012,0.07992480059048912,-0.061743152965016694,-0.015064106951639055,0.1739518697611333,0.03117340955084829,12.011766936725708,3.6855323559741535,2.7214979245765623,0.3287883858053961,0.031124374097002652,0.8884765625,0.15246348468270504,0.6037723651212248,2.0816681711721685e-17,0.00013993951168430333,0.00020151289682539681
480013,1,M3,0.78125,0.0005297351616837045,0.07691037345818669,0.20355868976328012,0.07992480059048912,-0.061743152965016694,-0.015064106951639055,0.1739518697611333,0.03117340955084829,12.011766936725708,3.6855323559741535,2.7214979245765623,0.3287883858053961,0.031124374097002652,0.8884765625,0.15246348468270504,0.6037723651212248,2.0816681711721685e-17,0.00013993951168430333,0.00020151289682539681
480013,1,M2+O,0.8125,0.00021389174289546364,0.07781044522228475,0.20753616603777425,0.08121496881718404,-0.06173978544900367,-0.014793518371928424,0.1749521630266933,0.03161028697770353,12.157939630178292,3.6962017783532835,2.736694521064001,0.35432320003328366,0.031606650180470264,0.8869791666666667,0.15197595949786108,0.6073937474635626,2.1033522146218786e-17,0.00014510650903880068,0.00020969397597001764
480013,1,M4,0.8125,0.00021389174289546364,0.07781044522228475,0.20753616603777425,0.08121496881718404,-0.06173978544900367,-0.014793518371928424,0.1749521630266933,0.03161028697770353,12.157939630178292,3.6962017783532835,2.736694521064001,0.35432320003328366,0.031606650180470264,0.8869791666666667,0.15197595949786108,0.6073937474635626,2.1033522146218786e-17,0.00014510650903880068,0.00020969397597001764
480013,2,M2,0.78125,0.000514857924531281,0.07625943340158461,0.20692496368849117,0.08044462614961881,-0.06049722898724796,-0.014628026246946174,0.16446718407796393,0.025492349440009957,11.93269595565332,3.683336484434757,2.738363363992275,0.34333732390368293,0.03167128616848817,0.8925130208333334,0.1529216065190396,0.6041485451237687,2.0816681711721685e-17,0.0001390783454585538,0.0001997905643738977
480013,2,M3,0.78125,0.000514857924531281,0.07625943340158461,0.20692496368849117,0.08044462614961881,-0.06049722898724796,-0.014628026246946174,0.16446718407796393,0.025492349440009957,11.93269595565332,3.683336484434757,2.738363363992275,0.34333732390368293,0.03167128616848817,0.8925130208333334,0.1529216065190396,0.6041485451237687,2.0816681711721685e-17,0.0001390783454585538,0.0001997905643738977
480013,2,M2+O,0.78125,0.0002082818926569432,0.07750609693835808,0.21086620986791815,0.08170158917732409,-0.06042602351100873,-0.014321407036211029,0.16515959115289627,0.026324991481830297,12.07737561266327,3.695230199020264,2.7546991523254842,0.3687266057550858,0.03219339588602091,0.8915364583333334,0.15243502455941463,0.6076090686146637,2.0816681711721685e-17,0.00013993951168430333,0.0002036658123897707
480013,2,M4,0.78125,0.0002082818926569432,0.07750609693835808,0.21086620986791815,0.08170158917732409,-0.06042602351100873,-0.014321407036211029,0.16515959115289627,0.026324991481830297,12.07737561266327,3.695230199020264,2.7546991523254842,0.3687266057550858,0.03219339588602091,0.8915364583333334,0.15243502455941463,0.6076090686146637,2.0816681711721685e-17,0.00013993951168430333,0.0002036658123897707
480013,3,M2,0.6875,0.0005150917897996353,0.07568260399644627,0.20892642102294715,0.08074869393989254,-0.05879229196280028,-0.014257482843072166,0.15700141616967672,0.02293142824208931,11.783150096325954,3.681309899452553,2.751382213171244,0.34133075807925184,0.03185388115839149,0.8922526041666666,0.15345050718683512,0.60328360752511,2.0816681711721685e-17,0.00013520309744268077,0.0001954847332451499
480013,3,M3,0.6875,0.0005150917897996353,0.07568260399644627,0.20892642102294715,0.08074869393989254,-0.05879229196280028,-0.014257482843072166,0.15700141616967672,0.02293142824208931,11.783150096325954,3.681309899452553,2.751382213171244,0.34133075807925184,0.03185388115839149,0.8922526041666666,0.15345050718683512,0.60328360752511,2.0816681711721685e-17,0.00013520309744268077,0.0001954847332451499
480013,3,M2+O,0.71875,0.00021084936526569178,0.07705383742347317,0.21274314405861056,0.08198308865376336,-0.05869567251603838,-0.013946961632251228,0.15759352664716042,0.023931837806415522,11.925181435836581,3.696932949605756,2.764286464814859,0.3683893364584173,0.032377415956352455,0.8910807291666667,0.15296701361400045,0.6060380503182325,2.0816681711721685e-17,0.0001364948467813051,0.00019892939814814814
480013,3,M4,0.71875,0.00021084936526569178,0.07705383742347317,0.21274314405861056,0.08198308865376336,-0.05869567251603838,-0.013946961632251228,0.15759352664716042,0.023931837806415522,11.925181435836581,3.696932949605756,2.764286464814859,0.3683893364584173,0.032377415956352455,0.8910807291666667,0.15296701361400045,0.6060380503182325,2.0816681711721685e-17,0.0001364948467813051,0.00019892939814814814
