asset,window_years,window_start_year,window_end_year,first_date,last_date,n_returns,open_equal_previous_close_share,overnight_variance_share
SP500,3,1994,1996,1994-01-03,1996-12-31,757,0.7252311756935271,0.0009388001876137024
SP500,3,1995,1997,1995-01-03,1997-12-31,758,0.9010554089709762,0.0005024397507483781
SP500,3,1996,1998,1996-01-02,1998-12-31,758,0.9762532981530343,3.271384586802492e-05
SP500,3,1997,1999,1997-01-02,1999-12-31,756,0.9735449735449735,1.0753244507191266e-06
SP500,3,1998,2000,1998-01-02,2000-12-29,755,0.9695364238410596,2.5578368832182533e-05
SP500,3,1999,2001,1999-01-04,2001-12-31,751,0.9587217043941412,0.00010957061932168943
SP500,3,2000,2002,2000-01-03,2002-12-31,751,0.952063914780293,0.0008669990976269081
SP500,3,2001,2003,2001-01-02,2003-12-31,751,0.9587217043941412,0.0009985089949721016
SP500,3,2002,2004,2002-01-02,2004-12-31,755,0.9682119205298013,0.0012021792035500647
SP500,3,2003,2005,2003-01-02,2005-12-30,755,0.9721854304635762,2.88865516765965e-05
SP500,3,2004,2006,2004-01-02,2006-12-29,754,0.7877984084880637,0.0020252770375867274
SP500,3,2005,2007,2005-01-03,2007-12-31,753,0.5139442231075697,0.010576838132620767
SP500,3,2006,2008,2006-01-03,2008-12-31,754,0.1962864721485411,0.019905812015607705
SP500,3,2007,2009,2007-01-03,2009-12-31,755,0.060927152317880796,0.02490081928707898
SP500,3,2008,2010,2008-01-02,2010-12-31,756,0.013227513227513227,0.02922099057161015
SP500,3,2009,2011,2009-01-02,2011-12-30,755,0.039735099337748346,0.03293250135371677
SP500,3,2010,2012,2010-01-04,2012-12-31,753,0.11819389110225764,0.0253535244157338
SP500,3,2011,2013,2011-01-03,2013-12-31,753,0.20185922974767595,0.014309509712986383
SP500,3,2012,2014,2012-01-03,2014-12-31,753,0.17264276228419656,0.020533180538677746
SP500,3,2013,2015,2013-01-02,2015-12-31,755,0.08874172185430464,0.028261096125958965
SP500,3,2014,2016,2014-01-02,2016-12-30,755,0.0026490066225165563,0.041906406490760606
SP500,3,2015,2017,2015-01-02,2017-12-29,754,0.0,0.07965182184346735
SP500,3,2016,2018,2016-01-04,2018-12-31,753,0.0,0.16990247718911233
SP500,3,2017,2019,2017-01-03,2019-12-31,753,0.0,0.24192534995223056
SP500,3,2018,2020,2018-01-02,2020-12-31,755,0.0,0.3662732647127603
SP500,3,2019,2021,2019-01-02,2021-12-31,756,0.0013227513227513227,0.37951762987543386
SP500,3,2020,2022,2020-01-02,2022-12-30,755,0.0013245033112582781,0.3371344715404671
SP500,3,2021,2023,2021-01-04,2023-11-14,721,0.0013869625520110957,0.21861899921109818
