asset,model,weighted_sse,weighted_sse_boot_p5,weighted_sse_boot_p95,return_only_sse,return_only_sse_boot_p5,return_only_sse_boot_p95,mean_pathwise_sse,Hhat,Hhat_common_lags_2_40,kurtosis,sse_Hhat,sse_leverage,sse_abs_acf,sse_sq_acf,sse_zumbach,sse_kurtosis
LHX,othmane_archived_fit,2.812035997766594,2.3452264449479103,3.7203127493710286,1.3748211603338145,1.20624219250358,1.84893638602374,5.9494201116315475,0.04401415112995714,0.0359679590363117,7.957750715724217,0.12789563418551073,0.29863563200086146,0.7737401653917081,0.5677760210681525,1.010683571246407,0.03330497387395394
LHX,m2_stage3_anchor,30.389347318871174,24.491754555131806,36.420226569734496,0.6960538754252108,0.5121452499533368,1.4081833667326196,35.94466291696815,0.07533937685832066,0.06644965620756499,9.573291907599458,28.12775272126599,0.08582618397405703,0.5007029524345029,0.10938801089249087,1.4797145382059114,0.08596291209821703
BK,othmane_archived_fit,2.9983163191541453,1.855935010745792,5.931062686555791,1.1576586664069874,0.42834618254886336,3.3357438964041672,12.746112580455051,0.05852191490233015,0.04933083215479794,13.79965648646829,1.593060369257036,0.10983293526015472,0.2510696918718597,0.15797115194457217,0.13776434822996722,0.7486178225905556
BK,m2_stage3_anchor,17.182176641968887,14.22879012176686,20.25688980672332,10.931443134015879,8.479834460296496,13.553006953022656,22.7374922400659,0.07533937685832066,0.06644965620756499,9.573291907599458,3.1582102307316213,0.05119225945112233,4.318519967225264,2.162231333977687,3.041331017770265,4.450691832812929
HUM,othmane_archived_fit,5.313835485701368,3.927553286308848,7.007245619460954,3.943209206149124,2.5611637020223204,5.4977747018239675,8.624941409579481,0.04782956801392157,0.03947085670941504,8.45362463406612,0.9810821751469221,0.2285472305017723,0.7214961711303447,0.48511211680229244,0.16099687390355,2.736600918216487
HUM,m2_stage3_anchor,38.62306485904151,32.339621879710904,45.35769213128887,2.292608022560996,1.1357131531478508,3.859303620781121,44.17838045713851,0.07533937685832066,0.06644965620756499,9.573291907599458,35.547210260108514,0.045684876943029494,0.4763201047146923,0.06176219259270084,0.7375616994289754,1.754525725253603
TSN,othmane_archived_fit,3.054639147403483,2.617659016936178,3.946249422258269,1.6045008056060954,1.3233643579159697,2.3697847590211176,6.313597977603424,0.0335981114539471,0.026317966019630008,10.244613762719032,0.5113199891701783,0.16129890293708998,0.9570987916238936,0.39965231113615357,0.777519449690119,0.24774970284604825
TSN,m2_stage3_anchor,50.139648704698054,43.09762629400116,57.106373462730154,1.2556532118722765,0.7420283274215972,2.203824961071256,55.69496430279503,0.07533937685832066,0.06644965620756499,9.573291907599458,46.6289006065537,0.03422905654605095,0.5506536802538049,0.22140009051258308,2.2208658297260273,0.4835994411058885
IEX,othmane_archived_fit,3.4693962396284173,3.022899154529097,4.188189718982544,1.610067642510343,1.2863411887106089,2.059318451619174,5.363356578256898,0.03883068683641836,0.03173977458856246,4.192339436164309,0.37658314905167445,0.2734155934405715,0.8722156949126798,0.3868940157739782,1.209329854625828,0.35095793182368507
IEX,m2_stage3_anchor,57.51111737268567,49.817151419462924,65.40327975013567,2.2903460420571675,1.670052202719362,3.7092273506518603,63.066432970782635,0.07533937685832066,0.06644965620756499,9.573291907599458,52.00745924724766,0.06189741370429191,0.7356961707121537,0.5706119430946317,3.1514146696765506,0.984037928250382
KMB,othmane_archived_fit,3.4070487409380705,2.859754603719373,4.2453250540880125,0.9095145680249435,0.8177884032752619,1.155664695498233,5.623509299720917,0.053086551337126406,0.04481362176802747,8.764154364410679,0.6607997849724876,0.36304144557666984,0.6336720040856539,0.2637471588410759,1.4736929423639697,0.012095405098213663
KMB,m2_stage3_anchor,25.843692864225773,20.617101622879012,32.33702660041409,0.4688246766669581,0.34554706912658106,0.9152571117889211,31.399008462322776,0.07533937685832066,0.06644965620756499,9.573291907599458,23.372302250248435,0.07452992543004779,0.3973157972435232,0.05505599556980706,1.9280360118803341,0.016452883853627788
SP500,othmane_archived_fit,2.960326045000197,2.108602364286153,4.491360247509756,1.1312139504920962,0.9175162428882341,1.593528452364238,7.879917770451073,0.08962721262855142,0.08122378942611613,9.857657826986626,0.4884501073757042,0.10663637265227534,0.548113110822455,0.5650499989049587,1.2340256144801212,0.01805084076468256
SP500,m2_stage3_anchor,14.230844484561459,12.07492999308142,17.71203143277186,8.912135303545172,8.070899766390594,10.017917601655029,19.786160082658494,0.07533937685832066,0.06644965620756499,9.573291907599458,3.546619027952736,0.0032755893962576675,5.153541054126629,3.711033603627839,1.7688145636672927,0.04756064579070413
RUSSELL2000,othmane_archived_fit,9.36985245646735,7.884602336003709,11.084210234386601,6.243128275637417,5.2709234784836,7.179897244984106,12.134923134839024,0.0692504586710959,0.05943740716963971,4.81651147389856,0.26144514936858565,0.1285665063158322,3.4688432668163554,2.0416113050866462,2.7367125251455136,0.7326737037344161
RUSSELL2000,m2_stage3_anchor,17.004332010789742,15.25792834067215,19.38305528235533,11.673054682415012,10.838986238029573,12.743358099178925,22.559647608886753,0.07533937685832066,0.06644965620756499,9.573291907599458,2.597654170068163,0.0029012765205984814,6.402785750424768,4.97362002132531,2.7307218817859678,0.2966489106649346
NASDAQ100,othmane_archived_fit,1.1872855656986019,0.9811299475761033,1.7425836167176596,1.0035360646446474,0.71503704261926,1.4008333179314523,4.073070301115722,0.07297138817512958,0.06453181920561764,4.965366984755461,0.00035826511544887943,0.11096502106424327,0.7461070987901072,0.15737217101069112,0.0724262148742623,0.10005679484384913
NASDAQ100,m2_stage3_anchor,10.006456912375711,9.186863897011998,11.911173525343141,9.025304750085523,8.133991932479814,10.572692019401797,15.561772510472732,0.07533937685832066,0.06644965620756499,9.573291907599458,0.16729888972698218,0.003423821026494347,5.429641606176089,2.5130834648444105,0.8104294515367149,1.0825796790650226
